rank,hebrew,english_gloss,matched_word,cefr_level
10,גם,also / too,also,A1
12,כל,all,all,A1
32,אף,also / even / nose,also,A1
41,שם,there / name,name,A1
56,בכל,in all / at all,all,A1
67,ידי,my hands / my hand / the hands of,hand,A1
94,כלל,rule / all / included (m.s.),all,A1
111,וכן,and also,also,A1
124,חיים,life / (could also be a name),name,A1
136,אדם,person / man / human being / Adam,person,A1
138,איש,person / man / husband,person,A1
147,ואף,and also / and even / and nose,also,A1
149,האדם,the man / the person,person,A1
151,בשם,in the name of / called,name,A1
154,לכל,to all / to everybody,all,A1
166,בידי,in the hands of / in my hand / in my hands,hand,A1
172,המשחק,the game / the one who plays,who,A1
173,מי,who,who,A1
221,המפלגה,the party (political),party,A1
225,וגם,and also,also,A1
293,לשם,[to] there / [to/for] the name / for the sake of / opal,name,A1
327,מכל,from all,all,A1
337,ברחבי,all over,all,A1
344,מינים,kinds / species / genders,kind,A1
367,העונה,the season / this season / that/who answers (f.s.),who,A1
382,יד,hand,hand,A1
403,שהייתה,that/who was / that she was,who,A1
447,השם,the name / God,name,A1
476,שמו,placed / put (pl.) / his name,name,A1
480,רוח,wind / spirit / ghost,wind,A1
516,הבנק,the bank,bank,A1
528,לידי,to / to the hands of / near me / next to me,hand,A1
572,מיני,kinds of / species of,kind,A1
587,בכלל,at all,all,A1
614,כולו,all of it (m.s.),all,A1
644,וכל,and all,all,A1
658,בספורט,in sport / in the sport,sport,A1
681,בנק,bank,bank,A1
689,דולר,dollar,dollar,A1
692,ספורט,sport,sport,A1
763,שמות,names / Book of Exodus (bible),name,A1
822,סוגי,kinds of / classes of / types of,kind,A1
838,שמה,placed / put (f.s.) / there / her name,name,A1
885,הבא,next / the person who is coming (m.s.),who,A1
887,מסוג,of a kind / of a class / of a type,kind,A1
889,כדור,ball / pill,ball,A1
899,ושם,and a name / and there,name,A1
902,בר,wild / son / -able / bar,bar,A1
924,הרוח,the wind / the spirit / the ghost,wind,A1
931,כולה,all of it (f.s.),all,A1
977,שמן,fat (adj.) (m.s.) / oil / their name (f),name,A1
1019,שכל,that all,all,A1
1058,סוג,kind / class / type,kind,A1
1075,שהגיעו,that/who arrived (pl.),who,A1
1161,החורף,the winter,winter,A1
1182,האיש,the person / the man / the husband,person,A1
1188,הבאים,next / the person who is coming (m.pl.),who,A1
1192,כלשהו,any / of any kind (m.s.),kind,A1
1206,המינים,the kinds / the species / the genders,kind,A1
1238,משפחת,the [name] family,name,A1
1266,מוזיאון,museum,museum,A1
1284,המתארת,that/who describes (f.s.),who,A1
1286,רע,bad,bad,A1
1297,המתארים,that/who describe (m.pl.),who,A1
1306,המתאר,that/who describes (m.s.),who,A1
1320,הפארק,the park,park,A1
1383,שב,returned (m.s.) / sit (m.s. imperative) / old person,person,A1
1410,שגם,that also,also,A1
1465,דקות,minutes / thin (f.pl.),minute,A1
1476,הבאות,the next / the person who is coming (f.pl.),who,A1
1519,בפארק,in a park / in the park,park,A1
1605,למות,to die,die,A1
1609,חיות,living / alive (f.pl.) / animals / vitality,animal,A1
1645,היד,the hand,hand,A1
1669,בעיות,problems,problem,A1
1671,סוגים,kinds / classes / types,kind,A1
1708,שנערך,who prepared / who made arrangements / that was held / that was edited (m.s.),who,A1
1754,מחנות,camps / groups / park (f.pl.),park,A1
1783,שיכול,who/that can,who,A1
1820,שנקרא,that/who is called (m.s.),who,A1
1839,שהביא,that/who brought (m.s.),who,A1
1850,הבולטים,the protruding / that/who stand out (m.pl.),who,A1
1912,שהגיע,that/who arrived (m.s.),who,A1
1969,אישית,personal (f.s.) / private (f.s.) / in person,person,A1
2010,ברוח,in the wind / with the spirit / in a wind / with a spirit,wind,A1
2073,לאדם,to/for the man / to/for the person / to/for mankind / to/for a man / to/for a person,person,A1
2085,שכלל,that included (m.s.) / that a rule / that [not X] at all,all,A1
2100,גבר,man / overcame / defeated (m.s.),man,A1
2104,הבאה,the next / the person who is coming (f.s.),who,A1
2181,מפלגת,party of (political),party,A1
2188,שיצר,that/who created / that/who made (m.s.),who,A1
2208,מלון,hotel / melon,hotel,A1
2219,שפעלו,that/who acted / that/who operated (pl.),who,A1
2220,שנותרו,that/who were left (pl.),who,A1
2225,הסופר,the author / who counts,who,A1
2263,מתחיל,start (m.s.),start,A1
2282,מפלגות,parties (political),party,A1
2286,הקרוי,that/who is called (m.s.),who,A1
2289,תחנות,stations,station,A1
2293,להצביע,to vote / to raised a hand / to point at / to indicate,hand,A1
2317,השומר,the guard / that/who guards / that/who protects (m.s.),who,A1
2319,שקיבל,that/who received / that/who accepted (m.s.),who,A1
2333,בעיה,problem,problem,A1
2366,מתחילה,start (f.s.),start,A1
2400,המפלגות,the parties (political),party,A1
2427,הבר,the wild / the son / the bar,bar,A1
2440,בחורף,in a winter / in the winter,winter,A1
2466,אישי,personal (m.) / private (m.) / my man / my husband,man,A1
2527,מסיבות,for reasons / parties,party,A1
2544,הקרבות,the battles / that/who are getting close / that/who approach (f.pl.),who,A1
2552,הטוענים,who claim / that/who charge / that/who load (m.),who,A1
2565,הכלל,the rule / all,all,A1
2582,ובכל,and in all,all,A1
2678,כלשהי,any / of any kind (f.s.),kind,A1
2729,רעה,bad (f.s.) / grazed (sheep) (m.s.),bad,A1
2795,שזכה,that/who won (m.s.),who,A1
2825,שבאו,that/who came (pl.),who,A1
2849,שהביאו,that/who brought (pl.),who,A1
2919,הבעיה,the problem,problem,A1
2942,הספורט,the sport,sport,A1
2960,שקיבלו,that/who received / that/who accepted (pl.),who,A1
2971,שכתב,who wrote (m.s.) / that was written by,who,A1
2987,בסוג,in a kind / in a class / in a type,kind,A1
3001,לאיש,to/for a man / to/for a person / to/for the man / to/for the person,person,A1
3011,ביד,in a hand / in the hand / by hand,hand,A1
3031,שנערכו,who prepared / who made arrangements / that were held / that were edited (pl.),who,A1
3052,מסיבה,for a reason [of] / party,party,A1
3068,הקשורים,that/who are tied / that/who are linked / that/who are connected (m.pl.),who,A1
3069,העוסקים,that/who deal / that/who engage / work (m.pl.),who,A1
3138,הכדור,the ball / the pill,ball,A1
3159,מכלל,from all of,all,A1
3165,שנקראה,that/who is called (f.s.),who,A1
3169,רדיו,radio,radio,A1
3192,המוזיאון,the museum,museum,A1
3248,המראה,the sight / the view / the appearance / the mirror / that/who shows (f.s.),who,A1
3269,בשמו,on his behalf / in his name,name,A1
3318,העוסק,that/who deals / that/who engages / works (m.s.),who,A1
3344,האוכל,the food / the one who eats,who,A1
3442,החיות,the animals / the vitality,animal,A1
3467,מתחילים,start (m.pl.),start,A1
3502,המגינים,the defenders / that/who defend (m.pl.),who,A1
3546,במוזיאון,in a museum / in the museum,museum,A1
3574,חיה,living / alive (f.s.) / animal,animal,A1
3581,שבא,that/who is coming / that/who came (m.s.),who,A1
3599,לנקוט,to take (measures / steps) / that/who stood / that/who was about to / that/who endured / that/who succeeded /,who,A1
3600,שעמד,she'amad / that/who insisted on (m.s.),who,A1
3613,לסוג,to/for a kind / to/for a class / to/for a type / to/for the kind / to/for the class / to/for the type,kind,A1
3614,שהצליח,that/who succeeded,who,A1
3643,סטודנטים,students,student,A1
3645,לז,one (person),person,A1
3661,ממשפחת,from the family of / from the [name] family,name,A1
3703,שאמר,who said (m.s.),who,A1
3721,מהסוג,of the kind / of the class / of the type,kind,A1
3731,להתחיל,to start,start,A1
3734,שיצא,that/who went out / that/who came out (m.s.),who,A1
3744,שאותה,that the same / that/who (f.s.),who,A1
3751,הקורא,the reader / who reads / that/who calls (m.s.),who,A1
3769,שקדמה,that/who preceded (f.s.),who,A1
3770,שאותו,that the same / that/who (m.s.),who,A1
3775,מפלגה,party (political),party,A1
3779,שיצאו,that/who went out / that/who came out (pl.),who,A1
3798,תחנת,station of,station,A1
3822,העוברים,that/who pass / the transients (m.pl.) / the embryos / the fetuses,who,A1
3826,שמי,my name,name,A1
3859,שהיוו,that/who were / that/who constituted,who,A1
3860,שהגיעה,that/who arrived (f.s.),who,A1
3888,המסדר,that/who arranges (m.s.) / the lineup / the parade,who,A1
3935,בשמות,[in] the names of / [in] names,name,A1
3951,פארק,park,park,A1
3961,והגזיר,and the chip,chip,A1
3996,בידו,in his hand / on his hand,hand,A1
4045,וכלל,and a rule / and [not] at all / and included (m.s.),all,A1
4055,שניסו,who tried (pl.),who,A1
4066,שהביאה,that/who brought (f.s.),who,A1
4067,שנודע,that/who was known / that/who became known (m.s.),who,A1
4156,רוחות,winds / ghosts,wind,A1
4159,ידיים,hands,hand,A1
4185,שליד,that/who is near / that/who is next to,who,A1
4188,שנעשו,that were done / that/who became,who,A1
4224,מבצעים,who perform (m.pl.),who,A1
4230,האחראי,the responsible / the person in charge (m.s.),person,A1
4236,שנחשב,that/who is considered (m.s.),who,A1
4248,שפרסם,that/who published / that/who advertised,who,A1
4268,מאידך,on the other hand,hand,A1
4274,הצבעה,vote / voting / raising a hand / pointing at / indicating,hand,A1
4279,מחשב,computer / calculates (m.s.),computer,A1
4313,שיכלו,that/who could,who,A1
4328,חמים,warm / hot,warm,A1
4333,שנראה,that/who seems (m.s.) / that/who seemed (m.s.),who,A1
4377,שנתן,that/who gave,who,A1
4385,המופיעים,who appear / who perform (m.s.),who,A1
4399,בידיהם,in their hands,hand,A1
4419,שיצרו,that/who created / that/who made (pl.),who,A1
4420,שראו,that/who saw (pl.),who,A1
4454,שנערכה,who prepared / who made arrangements / that was held / that was edited (f.s.),who,A1
4464,הנקרא,that/who is called / that/who is summoned (m.s.),who,A1
4567,ולשם,and for / and for the purpose of / and to/for the name / and [to] there,name,A1
4571,שעשה,that/who did (m.s.),who,A1
4601,במפלגה,in a party (political) / in the party (political),party,A1
4622,שערך,who edited / who arranged / who held (m.s.) / that a value / that the value of,who,A1
4623,שהחלו,that/who started (pl.),who,A1
4631,למפלגה,to/for parties / to/for the parties of (political) / to/for the parties (political),party,A1
4654,העוסקת,that/who deals / that/who engages / work (f.s.),who,A1
4698,הצדה,to the side / who hunts (f.s.),who,A1
4736,ולכל,and to all,all,A1
4745,גרוע,bad (m.s.),bad,A1
4750,ידם,their hand,hand,A1
4773,למשפחת,to/for the [name] family / to/for the family of,name,A1
4774,לידיו,to him / into his hands,hand,A1
4904,תלמידי,students of,student,A1
4919,אלוהי,the god of / my god / the scout / the ranger / the observer / the spectator / that/who observes / that/who,who,A1
4920,הצופה,hatsofe / watches (m.s.) / the scout / the ranger / the observer / the spectator / that/who observes / that/who / hatsofa / watches (f.s.),who,A1
4930,להקת,band of,band,A1
4997,בכדור,with a ball / in a pill / with the ball / in the pill,ball,A1
5017,שנשא,that/who carried / who married (m.s.),who,A1
5077,גדות,banks / shores,bank,A1
5128,בעיית,the problem of,problem,A1
5137,תלמידים,students,student,A1
5151,הושפע,was influenced / was affected / the scouts / the rangers / the observers / the spectators / that/who observe / that/who,who,A1
5159,השייכות,the relevance / the relation / the ownership / that/who belong (f.pl.),who,A1
5197,הכרטיסים,the tickets,ticket,A1
5227,שבכל,that in all,all,A1
5234,ידו,his hand,hand,A1
5236,לרוח,to the wind / to/for the spirit / to a wind / to/for a spirit,wind,A1
5246,הרוחות,the winds,wind,A1
5284,הבולט,the protruding / that/who stands out (m.s.),who,A1
5313,שקדמו,that/who preceded (pl.),who,A1
5314,שנמצאו,that/who were found / that/who were [at],who,A1
5331,הקרויים,that/who are called (m.pl.),who,A1
5333,הסטודנטים,the students,student,A1
5347,שעלתה,that/who went up / that/who climbed / that/who increased / that/who immigrated (f.s.),who,A1
5367,שזכו,who won / who attained (pl.),who,A1
5401,מבצעי,the people who perform [X],who,A1
5424,הקשור,that/who is tied / that/who is linked / that/who is connected (m.s.),who,A1
5443,סרטון,film strip,film,A1
5453,הכדורסל,the basketball,basketball,A1
5466,כולנו,all of us,all,A1
5502,שהעניק,that/who gave (m.s.),who,A1
5522,מטופל,patient / taken care of / person who is taken care of (m.s.),who,A1
5532,ששמו,that/who placed / that/who put (pl.),who,A1
5533,שעלו,that/who went up / that/who climbed / that/who increased / who immigrated (pl.),who,A1
5534,שכונתה,that/who was named (f.s.),who,A1
5553,הרדיו,the radio,radio,A1
5554,הנקראת,that/who is called / that/who is summoned (f.s.),who,A1
5592,ששהו,that/who stayed (pl.),who,A1
5596,הקתולית,the Catholic / that/who stands / that/who is about to / that/who endures / that/who succeeds /,who,A1
5597,העומד,ha'omed / that/who insists on (m.s.),who,A1
5598,בידם,in their hand / up to them,hand,A1
5626,שפעל,that/who acted / that/who operated (m.s.),who,A1
5646,שעסק,that/who dealt / that/who engaged / that/who worked (m.s.),who,A1
5647,שחלק,that part / who disagreed,who,A1
5648,שהוביל,that/who led / that/who transported (m.s.),who,A1
5720,המלון,the hotel / the melon,hotel,A1
5792,שעלה,that/who went up / that/who climbed / that/who increased / that/who immigrated (m.s.),who,A1
5793,שכמעט,that/who almost,who,A1
5828,שניסה,who tried (m.s.),who,A1
5832,כרטיס,ticket,ticket,A1
5851,לתחילת,to the start of,start,A1
5911,מיטב,the best,best,A1
5929,שעשו,that/who did (pl.),who,A1
6011,מסוגים,of kinds / of classes / of types,kind,A1
6030,תלמידו,his pupil / his student,student,A1
6059,סרטוני,film strips of,film,A1
6089,ששם,that/who placed / that/who put (m.s.) / that is there / that there / that the name of / that a name,who,A1
6121,חורף,winter,winter,A1
6135,ומי,and who / and whom,who,A1
6139,שיהיו,that/who will be (pl.),who,A1
6141,חם,hot / warm,warm,A1
6142,כשם,as / as the name of,name,A1
6182,שנפל,that/who fell (m.s.),who,A1
6239,המקדשים,the shrines / the temples / the sanctifiers / that/who sanctifies,who,A1
6256,בידיו,in his hands,hand,A1
6271,שקיבלה,that/who received / that/who accepted (f.s.),who,A1
6272,שעסקו,that/who dealt / that/who engaged / that/who worked (pl.),who,A1
6279,הקרויה,that/who is called (f.s.),who,A1
6280,העוסקות,that/who deal / that/who engage / who work (f.pl.),who,A1
6284,הרואים,that/who see (m.pl.),who,A1
6313,היוצר,that/who creates (m.s.) / the creator / the artist / the maker,who,A1
6451,ידה,her hand,hand,A1
6478,שישב,that/who sat (m.s.),who,A1
6499,שראה,that/who saw (m.s.),who,A1
6536,שיצאה,that/who went out / that /who came out (f.s.),who,A1
6553,הקוראים,the readers / who read / that/who call (m.pl.),who,A1
6570,בבנק,in/at a bank / in/at the bank,bank,A1
6629,שנפלו,that/who fell / who were killed in action (pl.),who,A1
6653,ששרדו,that/who survived,who,A1
6654,שהתנגדו,that/who resisted / who objected (pl.),who,A1
6686,שאיננו,that/who is not / that/who is not here / that/who is missing (m.s.),who,A1
6687,שהובילו,that/who led / that/who transported (pl.),who,A1
6696,המזוהה,the identified / that/who is associated [with] (m.s.) / the identified / that/who is associated [with] (f.s.),who,A1
6731,האוטובוס,the bus,bus,A1
6761,השונה,the different / that/who is different (m.s.),who,A1
6831,שאוכל,that I will be able / that I will eat / that/who eats (m.s.) / that was consumed / that was burnt,who,A1
6833,בנשף,at/in a ball / at/in a party / at/in the ball / at/in the party,party,A1
6866,כמי,as who / as whom,who,A1
6920,ואיש,and a man / and a person,person,A1
6931,שהעניקו,that/who gave (pl.),who,A1
6944,כדורסל,basketball,basketball,A1
6989,לאמות,llamas (animal),animal,A1
7089,ושמו,and his name / named / and they put,name,A1
7092,ובתחילת,and at the beginning / and at the start,start,A1
7142,ששכן,that/who lived / that/who dwelt (m.s.),who,A1
7151,התלמידים,the pupils / the students,student,A1
7160,למוזיאון,to/for a museum / to/for the museum,museum,A1
7179,דולרים,dollars,dollar,A1
7193,קובץ,file (computers) / collection,computer,A1
7209,תלמיד,pupil / student,student,A1
7239,המחשב,the computer,computer,A1
7240,הסוג,the kind / the class / the type,kind,A1
7259,זרועי,my arm,arm,A1
7285,המשרת,the servant / who serves (m.s.),who,A1
7299,הסטודנט,the student,student,A1
7325,החמה,the warm / the hot (f.s.) / the sun,warm,A1
7355,שעושים,that/who do (m.pl.),who,A1
7357,אמות,cubits / standards / I will die,die,A1
7370,ביש,bad / ill,bad,A1
7396,לחמש,to arm,arm,A1
7442,דקה,minute / thin (f.s.),minute,A1
7443,גרועה,bad (f.s.),bad,A1
7456,בגדה,betrayed (f.s.) / her cloth / at the bank / at the shore,bank,A1
7480,שתמכו,that/who supported (pl.),who,A1
7492,שהתנגד,that/who resisted / who objected (m.s.),who,A1
7498,העילית,the upper / the top / that/who stand / that/who are about to / that/who endure / that/who succeed / that/who,who,A1
7524,שביצע,that/who performed (m.s.),who,A1
7553,שטענו,who claimed / who argued (pl.),who,A1
7554,שנותר,that/who was left (m.s.),who,A1
7556,שנשלחו,that/who were sent,who,A1
7557,שנאספו,that were collected / that/who gathered,who,A1
7587,מצביעים,vote / raise a hand / point at / indicate (m.pl.),hand,A1
7588,מצביע,votes / raises a hand / points at / indicates (m.s.),hand,A1
7599,שחיו,that/who lived (pl.),who,A1
7602,שהעלה,that/who raised / that/who increased / that/who lifted / that/who brought up (m.s.),who,A1
7604,שספרו,that his book / that/who counted / who told,who,A1
7612,זרועות,arms,arm,A1
7654,אוטובוס,bus,bus,A1
7669,מחד,on the one hand,hand,A1
7671,לכלל,to all,all,A1
7703,שחיבר,that/who connected / who wrote (m.s.),who,A1
7709,הדורשים,that/who require / that/who demand (m.pl.),who,A1
7713,במעין,in a kind of - - / in a spring / in the spring,kind,A1
7741,המטפל,the care giver / who treats / who handles (m.s.),who,A1
7786,ממיני,of kind of / of genders of / of species of,kind,A1
7792,מוזיאונים,museums,museum,A1
7817,הרעים,the bad (m.pl.),bad,A1
7866,כאיש,as a man / as a person,person,A1
7905,שמצאו,that/who found (pl.),who,A1
7909,שאדם,that a man / that a person,person,A1
7913,שרצה,that/who wanted (m.s.) / that/who runs,who,A1
7929,הלהקה,the band,band,A1
7938,הרע,the bad,bad,A1
7939,הרגילים,the ordinary / the usual / the regular / the experienced / that/who are used to (m.pl.),who,A1
7970,בריתה,Brita (a birth party for a girl),party,A1
8041,הצביעו,voted / raised their hand / pointed at / indicated (pl.),hand,A1
8102,המשתמשים,that/who use (m.pl.) / the users,who,A1
8128,בבעיות,[in] problems / [in] the problems,problem,A1
8137,שנרצחו,who were murdered,who,A1
8164,תחנה,station,station,A1
8181,שמספר,that/who tells / that a number / that a few,who,A1
8194,בתחנת,at the station of,station,A1
8241,שעבד,that/who worked,who,A1
8252,המופיעה,that/who appears / that/who performs (f.s.),who,A1
8263,המפיק,the producer / that/who produces,who,A1
8270,שגילה,that/who discovered,who,A1
8285,למינים,to/for kinds / to/for species / to/for genders / to/for the kinds / to/for the species / to/for the genders,kind,A1
8375,היודע,that/who knows,who,A1
8382,רעות,bad (f.pl.) / friendship,bad,A1
8414,נבון,clever / intelligent,clever,A1
8475,ידיו,his hands,hand,A1
8510,שמצא,that/who found (m.s.),who,A1
8515,שלכל,that for/to all / that for/to everything / that for/to everyone / that for/to anyone,all,A1
8516,שעלול,that/who might (m.s.),who,A1
8518,שהובילה,that/who led / that/who transported (f.s.),who,A1
8519,שבאה,that/who is coming / that/who came (f.s.),who,A1
8547,העשוי,that is made of / that/who might,who,A1
8642,שהקימו,that/who established (pl.),who,A1
8667,מוט,rod / pole / bar,bar,A1
8683,שפעלה,that/who acted / that/who operated (f.s.),who,A1
8726,מכנה,names / calls (m.s.) / denominator,name,A1
8748,שמוצאם,that/who originated from (m.pl.),who,A1
8749,שמקורם,that/who originated from (m.pl.),who,A1
8752,שטען,that/who claimed / that/who argued (m.s.),who,A1
8810,הבולשת,the secret police / that/who spies (f.s.),who,A1
8822,המובילות,the leaders / the transporters (f.) / that/who lead / that/who transport (f.pl.),who,A1
8833,שמם,their name,name,A1
8857,המשלבים,that/who combine,who,A1
8871,מתלמידיו,from his students,student,A1
8884,שחי,that/who lives / that/who lived (m.s.) / arm pit,who,A1
8891,השייכת,that/who belongs to / that is relevant to (f.m.),who,A1
8896,הנדרשים,the required / that/who are required (m.pl.),who,A1
8898,במלון,at/in a hotel / at/in the hotel,hotel,A1
8931,התומכת,the supporting / that/who supports (f.s.),who,A1
8934,הבעיות,the problems,problem,A1
8998,מקצה,from an end / heat (sport),sport,A1
9029,לחורף,for a winter / for the winter,winter,A1
9057,שרצו,that/who wanted (pl.) / that they wanted,who,A1
9086,ושמן,and fat (adj.) (m.s.) / and their name (f.pl.),name,A1
9111,בכדורסל,in basketball,basketball,A1
9122,משתה,party / feast,party,A1
9169,שעורר,the/who woke / that/who has excited,who,A1
9175,שנשאו,that/who carried / who married (pl.),who,A1
9215,הגביר,the rich man / the lord / increased / amplified / strengthened (pl.),man,A1
9218,הרושם,the impression / that/who writes (m.s.),who,A1
9385,ששכנה,that/who lived / that/who dwelt (f.s.) / that a neighbor (f.s.),who,A1
9386,שקמו,that/who stood up / that/who woke up / that were established,who,A1
9388,שסברו,that/who thought / that/who assumed (pl.),who,A1
9389,שניסח,who phrased,who,A1
9487,בנקים,banks,bank,A1
9503,היכול,that/who can / can you?,who,A1
9529,תלמידיו,his pupils / his students,student,A1
9536,שוכנת,lives / dwells (f.s.) / that/who were introduced / that were displayed / that were presented / that were,who,A1
9539,שנבחר,that/who was elected / that/who was selected (m.s.),who,A1
9552,השוכן,that/who lives [in] (m.s.),who,A1
9572,שהקים,that/who established (m.s.),who,A1
9596,המסוגלים,that/who are capable,who,A1
9620,למיני,to/for kinds of / to/for species of,kind,A1
9626,בסוגי,in kinds of / in classes of / in types of,kind,A1
9669,לבא,to/for the next / to/for the person who is coming,who,A1
9681,שישבה,that/who sat (f.s.),who,A1
9683,שאמרה,who said (f.s.),who,A1
9702,המגלה,the discoverer / that/who discovers,who,A1
9731,מכולם,from all,all,A1
9738,שידע,that/who knew (m.s.),who,A1
9794,הגבר,the man,man,A1
9834,חמה,hot / warm (f.s.) / sun,warm,A1
9853,החם,the hot / the warm,warm,A1
9865,במינו,in his kind,kind,A1
9899,ידיהם,their hands,hand,A1
9932,וחיות,and live (f.pl.) / and animals / and vitality,animal,A1
9946,שהתחיל,that/who started (m.s.),who,A1
9949,שנשאה,that/who carried / who married (f.s.),who,A1
9981,המביא,that/who brings (m.s.),who,A1
10000,הטכנולוגיה,the technology / Like the site? Find it useful? / Click here to support the site and get something cool in return. / ​ / Copyright © 2026 TeachMeHebrew. All Rights Reserved.,all,A1
35,עוד,more / musical instrument,musical,A2
45,כן,yes / sincere / stand (n.),stand,A2
98,המלחמה,the war,war,A2
135,מלחמת,the war of,war,A2
219,מדי,too / whenever / as often as / the uniform of,uniform,A2
253,ועוד,and more / and still / plus,plus,A2
310,מיליון,million,million,A2
442,פחות,less / minus / inferior / lesser (m.s.),minus,A2
459,מלחמה,war,war,A2
717,הפועל,the worker / that operates / the verb,verb,A2
730,במלחמה,at war / in the war,war,A2
830,הזהב,the gold,gold,A2
852,במלחמת,in the war of,war,A2
867,למלחמה,to war / to [the] war,war,A2
906,צוות,team / staff,team,A2
937,לעמוד,to stand / to page / [to/for] a pillar / to the page / [to/for] the pillar,stand,A2
940,מידע,information,information,A2
957,הקים,established / made someone stand,stand,A2
967,פועל,worker / operates (m.s.) / verb,verb,A2
978,פרטים,details / individuals,details,A2
1021,לאומי,national (m.s.),national,A2
1039,עומד,stands / is about to / endures / succeeds / insists on (m.s.),stand,A2
1049,האלבום,the album,album,A2
1119,הצוות,the team / the staff,team,A2
1158,ברגע,in an instance / at the moment [that],moment,A2
1170,הלאומי,the national (m.s.),national,A2
1208,נפילת,fall of,fall,A2
1227,הוקם,was established / was made to stand (m.s.),stand,A2
1230,רגע,moment,moment,A2
1829,זהב,gold,gold,A2
1859,נבחרת,team / elected / selected (f.s.),team,A2
1860,הנבחרת,the team / the elected / the selected (f.s.),team,A2
1934,הלאומית,the national (f.s.),national,A2
2024,בולט,protruding / stands out (m.s.),stand,A2
2314,עומדת,stands / is about to / endures / succeeds / insists on (f.s.),stand,A2
2321,המידע,the information,information,A2
2324,מלחמות,wars,war,A2
2455,הפרטים,the details / the individuals,details,A2
2456,האצבעות,the fingers,finger,A2
2865,השבויים,the prisoners (of war),war,A2
2899,אלבום,album,album,A2
2934,וידאו,video,video,A2
3075,בולטת,protruding / stands out (f.s.),stand,A2
3198,במקורות,[in] the sources / in the text / [in] the sources of,text,A2
3237,עומדים,stand / are about to / endure / succeed / insist on (m.pl.),stand,A2
3323,ניצב,stands / perpendicular / vertical,stand,A2
3538,ציר,axis / axle / hinge / delegate / sauce / contraction,sauce,A2
3747,אצבעות,fingers,finger,A2
3800,בריכת,pool of,pool,A2
3803,במדי,in the uniform of,uniform,A2
3933,בולטים,protruding / stand out (m.pl.),stand,A2
3948,המקורות,the sources / the text,text,A2
4048,שבויים,prisoners (of war),war,A2
4260,בריכות,pools,pool,A2
4265,הלאומיים,the national (m.pl.),national,A2
4307,הרגע,this moment,moment,A2
4408,העממית,the popular / the national / the folk (f.s.),national,A2
4412,המודיעין,the information / the intelligence,information,A2
4592,הציר,the axis / the axle / the hinge / the delegate / the sauce / the contraction,sauce,A2
4603,סיור,tour,tour,A2
4689,קרח,ice,ice,A2
4765,מיליוני,millions of,million,A2
4801,הקרח,the ice,ice,A2
4841,למלחמת,to the war of,war,A2
4869,להתאים,to fit / to match / to suit,fit,A2
4902,לאומית,national (f.s.),national,A2
5193,רגעים,moments,moment,A2
5258,לקום,to stand up / to wake up,stand,A2
5327,מודיעין,information / intelligence,information,A2
5420,בדיעבד,post factum,post,A2
5620,מרגע,from the moment [of],moment,A2
5644,שותף,partner,partner,A2
5664,נפילתו,his fall,fall,A2
5668,צירים,axes / axles / hinges / delegates / sauces / contractions,sauce,A2
5679,הסברה,explanation / information,information,A2
5779,נופלים,fall (m.pl.),fall,A2
5870,אמה,her mother / maid (archaic) / third finger / cubit,finger,A2
5910,המלחמות,the wars,war,A2
5987,ברבים,in many / plural,plural,A2
6018,מאגר,reservoir / pool,pool,A2
6378,פעלים,acts / verbs,verb,A2
6403,לפטפט,to chat,chat,A2
6423,הצנימים,the toasts,toast,A2
6442,ומדי,and whenever / and as often as / and the uniform of,uniform,A2
6447,כרגע,at the moment,moment,A2
6697,המחזמר,the musical,musical,A2
6901,נופל,falls (m.s.),fall,A2
6935,עממית,popular / national / folk (f.s.),national,A2
6978,טבעת,ring,ring,A2
7382,מזהב,of gold,gold,A2
7517,וזהב,and gold,gold,A2
7531,במלחמות,in/at wars / in the wars,war,A2
7617,הועמד,was caused to stand (m.s.),stand,A2
7662,מכשיר,tool / instrument / qualified (m.s.) / qualifies (m.s.),instrument,A2
7737,טקסטים,texts,text,A2
7825,מיליונים,millions,million,A2
7945,גז,gas / shearing,gas,A2
8007,מוצב,placed / positioned / posted (m.s.) / post / position (military),post,A2
8076,תיירים,tourists,tourist,A2
8107,הלאומיות,the national (f.pl.) / the nationality / the patriotism,national,A2
8160,הבולטות,the protruding / that stand out (f.pl.),stand,A2
8280,מתפרק,falls apart / decomposed (m.s.),fall,A2
8400,המכשיר,the instrument / the tool,instrument,A2
8421,לתור,[to] a line / [to] the line / to explore / to tour / to inquire,tour,A2
8452,בולטות,protruding / stand out (f.pl.),stand,A2
8944,אלבומי,my album / my albums / the albums of,album,A2
8945,אלבומה,her album,album,A2
9247,נבחרות,the teams / the elected / the selected (f.pl.),team,A2
9265,והמלחמה,and the war,war,A2
9282,הולם,fits (cloth) / appropriate,fit,A2
9581,אחיד,unified / homogenous / uniform,uniform,A2
9671,לנפול,to fall,fall,A2
9775,לרגע,for a moment / for this moment,moment,A2
9857,הגז,the gas / the shearing,gas,A2
9916,להעמיד,to cause to stand / to erect / to set up,stand,A2
9987,הקימה,raised / caused to stand up / established,stand,A2
68,לפני,before / in front of / ago,front,B1
137,מול,against / in front of,front,B1
160,אמרה,said (f.s.) / phrase / fringe,phrase,B1
276,מערכת,system / editorial board,system,B1
288,כתב,writing / wrote (m.s.) / reporter,reporter,B1
328,בפני,in front of / in the presence of / in front of me / in my presence,front,B1
370,קישורים,links / the connections / the bindings,link,B1
421,אזור,area / region / zone,region,B1
426,מין,kind / species / gender / sex,sex,B1
468,מצב,state / situation,situation,B1
553,קשר,tie / bond / link / connection,link,B1
630,המין,the kind / the species / the gender / the sex,sex,B1
669,במצב,at a state / in a situation / at the state / in the situation,situation,B1
688,המצב,the state / the situation,situation,B1
702,הגנרל,the general,general,B1
708,אלוף,champion,champion,B1
777,האזור,the area / the region / the zone,region,B1
866,הקשר,the tie / the bond / the link / the connection,link,B1
892,הדת,the religion,religion,B1
925,לחיות,to live,live,B1
950,עמדה,stood / was about to / endured / succeeded / insisted on (f.s.) / position,position,B1
956,פרט,detail / individual / except,detail,B1
1053,המערכת,the system / / the editorial board,system,B1
1104,כללי,general (m.s.),general,B1
1129,מערכות,systems / / editorial boards,system,B1
1220,בחזית,at the front,front,B1
1253,טבעי,natural (m.s.),natural,B1
1313,הגבול,the border / the limit,limit,B1
1421,הכללי,the general (m.s.),general,B1
1566,דת,religion,religion,B1
1596,המקורי,the original (m.s.),original,B1
1627,נקבה,female / tunnel,tunnel,B1
1664,אזורים,areas / regions / zones,region,B1
1691,במערכת,in a system / in an editorial board / in the system / in the editorial board,system,B1
1702,עמדתי,my position / I stood / I was going to / I succeeded,position,B1
1712,הכללית,the general (m.pl.),general,B1
1762,החזית,the front / the frontier,front,B1
1790,בסך,in procession / total / only,total,B1
1797,הטבעי,the natural (m.s.),natural,B1
1887,קשרים,ties / bonds / links / connections,link,B1
1895,ההסתדרות,the Histadrut (the General Federation of Laborers in Israel),general,B1
1902,רעב,hunger / hungry (m.s.),hunger,B1
1926,האיחוד,the union,union,B1
2114,התקשורת,the communication / the media,medium,B1
2117,האפשרות,the possibility / the option,option,B1
2122,כושר,fitness / capability,fitness,B1
2162,למצב,to a state / to a situation / to the state / to the situation,situation,B1
2296,האנדרטה,the monument,monument,B1
2311,מקרה,case / event / incident / fortune / chance,chance,B1
2330,הטענה,the claim / the argument,argument,B1
2382,תקשורת,communication / media,medium,B1
2394,הדור,elegant / the generation,generation,B1
2419,פסלים,statues / sculptures,statue,B1
2461,מצוק,cliff,cliff,B1
2474,תעלת,channel of / canal of / trench of,canal,B1
2483,חזית,front / frontier,front,B1
2492,הפסל,the statue / the sculpture / the sculptor,statue,B1
2571,קשרי,ties of / bonds of / links of / connections of,link,B1
2606,מוחלט,decisive / definite / total (m.s.),total,B1
2620,שליטה,control,control,B1
2623,עמדות,positions,position,B1
2689,איחוד,union,union,B1
2703,מנגנון,system / mechanism,system,B1
2732,משרה,job / position / marinade / inspires / induces / marinades (m.s.) / inspires / induces / marinades (f.s.),position,B1
2734,טעם,flavor / taste / reason / tasted (m.s.),taste,B1
2754,דור,generation,generation,B1
2766,צור,rock / cliff,cliff,B1
2773,גנרל,general,general,B1
2778,לשלוט,to rule / to control,control,B1
2783,הקשרים,the ties / the bonds / the links / the connections / contexts,link,B1
2786,מחבר,connects / links / author (m.s.) / connector / from a friend,link,B1
2789,פסל,statue / sculpture / sculptor / rejected / disqualified (m.s.),statue,B1
2893,הבינוני,the medium / the mediocre,medium,B1
2894,העיוורים,the blind (pl.),blind,B1
2916,לפניו,before him / in front of him / to/for his face,front,B1
2930,גבולות,borders / limits,limit,B1
2943,בראיון,in an interview / in the interview,interview,B1
2981,הטבעית,the natural (f.s.),natural,B1
2985,הפסלים,the statues / the sculptures,statue,B1
2996,הרעב,the hunger / the hungry,hunger,B1
3051,טענות,claims / arguments,argument,B1
3054,האזורים,the areas / the regions / the zones,region,B1
3080,הטבעיים,the natural (m.pl.),natural,B1
3163,מוחלטת,decisive / definite / total (f.s.),total,B1
3184,כללית,general (f.s.),general,B1
3250,הנקבה,the female / the tunnel,tunnel,B1
3267,גבול,border / limit,limit,B1
3324,עיוורים,blind (pl.),blind,B1
3355,שירות,service,service,B1
3357,סיכוי,chance / probability,chance,B1
3363,הסיכוי,the chance / the probability,chance,B1
3470,קובע,determines / fixes / sets (m.s.),fix,B1
3500,סך,amount / total / procession,total,B1
3656,הבסיסי,the basic,basic,B1
3660,טבעית,natural (f.s.),natural,B1
3665,חיבור,connection / link / linkage / joining / joint / junction,link,B1
3687,מקצועי,professional (m.s.),professional,B1
3749,המקרה,the case / the event / the incident / the fortune / the chance,chance,B1
3754,בגדר,with a fence / with the fence / in the fence / within the limits of,limit,B1
3758,נקבות,females / tunnels,tunnel,B1
3792,טבעיים,natural (m.pl.),natural,B1
3799,תכנון,plan / design / layout,design,B1
3807,ואלוף,and a champion,champion,B1
3863,חול,sand / secular,sand,B1
3877,גוש,lump / block / mass / region,region,B1
3892,משלחת,expedition / delegation,expedition,B1
3913,למעמד,to/for a position / to/for a class / to/for a pedestal / to/for a scene / to/for the position / to/for the class / to/for the pedestal / to/for the scene,position,B1
3914,לאיחוד,to/for a union / to/for the union,union,B1
3952,ניסויים,experiments / trials,experiment,B1
4092,המצוק,the cliff,cliff,B1
4131,החולות,the sands,sand,B1
4139,מחסומים,barriers / blocks,block,B1
4148,התעלה,rose above / excelled (m.s.),rose,B1
4152,הלחץ,the pressure / the stress,stress,B1
4179,למין,to/for a kind / to/for a species / to/for a gender / to/for a sex / to/for the kind / to/for the species / to/for the gender / to/for the sex,sex,B1
4182,להשתלט,to take control of,control,B1
4186,שוכן,live / dwell (m.s.),live,B1
4241,מנהרות,tunnels,tunnel,B1
4275,הפרט,the detail / the individual,detail,B1
4404,העמדות,the positions,position,B1
4421,המעמד,the position / the class / the pedestal / the scene,position,B1
4441,אנדרטה,monument,monument,B1
4442,המקורית,the original (f.s.),original,B1
4452,להבדיל,to differentiate / to separate / to distinguish,separate,B1
4463,הניסוי,the experiment / the trial,experiment,B1
4596,לחזית,to the front,front,B1
4644,מנגנוני,systems of / mechanisms of,system,B1
4761,הנקבות,the females / the tunnels,tunnel,B1
4767,מקרי,accidental / random / by chance,chance,B1
4800,השליטה,the control,control,B1
4874,דגש,stress / emphasis,stress,B1
4894,הבסיסית,the basic (f.s.),basic,B1
4913,הוויכוח,the argument / the dispute,argument,B1
4917,קשריו,his/its ties / his/its bonds / his/its links / his/its connections,link,B1
4953,ובכלל,and in general,general,B1
5012,ויכוח,argument / dispute,argument,B1
5127,בשירות,in the service / in a service / in/at the service of,service,B1
5165,פסלי,statues of / sculptures of,statue,B1
5194,מצבי,my state / my situation,situation,B1
5208,ברעב,in hunger,hunger,B1
5240,עמדתו,his position,position,B1
5351,המוחלט,the total (m.s.),total,B1
5362,מנהרה,tunnel,tunnel,B1
5385,דורות,generations,generation,B1
5403,המנהרות,the tunnels,tunnel,B1
5621,יחסים,relations / to/for a system / to/for an editorial board / to/for the system of / to/for the editorial,system,B1
5622,למערכת,lema'arekhet / board of / to/for the system / to/for the editorial board,system,B1
5627,שרת,server / janitor,server,B1
5640,מקצועיים,professional (m.pl.),professional,B1
5660,בתקשורת,in the media / in the communication,medium,B1
5694,איגוד,union,union,B1
5699,הדורות,the generations,generation,B1
5709,לקשר,to link / to connect,link,B1
5835,האלופות,the champions (f.),champion,B1
5846,מצבו,his state / his situation,situation,B1
5847,מצבם,their state / their situation,situation,B1
5853,לגור,to live,live,B1
5966,ניסוי,experiment / trial,experiment,B1
6014,עיצוב,design,design,B1
6020,קובעת,determines / fixes / sets (f.s.),fix,B1
6038,בעיצוב,design of,design,B1
6039,בחולות,in the sands,sand,B1
6054,אנדרטת,monument of,monument,B1
6056,דרמה,drama,drama,B1
6058,אולפני,the studios of,studio,B1
6160,מחברת,author / connects / links (f.s.) / notebook / from the company of,link,B1
6258,בסיסיות,basic (f.pl.),basic,B1
6283,הבסיסיים,the basic (m.pl.),basic,B1
6307,חוליות,links / copula / vertebrate,link,B1
6340,שירותים,services / toilets,service,B1
6376,מנגנונים,systems / mechanisms,system,B1
6382,אנדרטאות,monuments,monument,B1
6537,שוכנים,live / dwell (m.pl.),live,B1
6563,הטענות,the claims / the arguments,argument,B1
6618,עיתונאים,journalists,journalist,B1
6660,המערכות,the systems / the battles / the acts,system,B1
6671,בגבול,at the border / at the limit,limit,B1
6693,המוחלטת,the total (f.s.),total,B1
6708,הדרמה,the drama,drama,B1
6753,הגוש,the lump / the block / the mass / the region,region,B1
6808,בסטודיו,in/at a studio / in/at the studio,studio,B1
6841,גמורה,total / complete / finished (f.s.),total,B1
6899,סיר,pot,pot,B1
6926,שירותי,services of / toilets of,service,B1
6970,בפניו,in front of him / in his presence,front,B1
6975,בסיסית,basic (f.s.),basic,B1
7008,התכנון,the planning / the design / the layout,design,B1
7058,במערכות,in systems / in battles / in acts / in the systems / in the battles / in the acts,system,B1
7140,גבולה,its border / its limit / her limit,limit,B1
7210,ומערכת,and a system / and the system of / and an editorial board / and the editorial board of,system,B1
7226,האנדרטאות,the monuments,monument,B1
7313,ממין,of a kind / of a gender / of a species / of sex,sex,B1
7359,כפסל,as a statue,statue,B1
7419,זית,olive,olive,B1
7446,בפניה,in front of her / in her presence,front,B1
7527,המעמדות,the positions / the classes,position,B1
7576,בפניהם,in front of them / in their presence,front,B1
7619,השתלטות,taking control / takeover,control,B1
7645,נפרדות,separate / individual (f.pl.),separate,B1
7670,מצבה,her state / her situation / gravestone,situation,B1
7676,עיוור,blind,blind,B1
7697,להתגורר,to live,live,B1
7718,בדורות,in generations,generation,B1
7765,מפלצות,monsters,monster,B1
7776,הברירה,the choice / the selection / the option,option,B1
7801,מהכלל,of the general / of the rule,general,B1
7841,הפרופסור,the professor,professor,B1
7943,גושי,lumps of / blocks of / masses of / regions of,region,B1
7946,במעמד,in a position / [in] a class / [in] a pedestal / at a scene / in the presence of,position,B1
7985,בשליטה,under control,control,B1
8014,לשירות,at the service of / to/for the service,service,B1
8062,למערכות,to/for systems / to/for editorial boards / to/for fights / to/for campaigns / to/for the systems / to/for the editorial boards / to/for the fights / to/for the campaigns / to/for the systems of / to/for the editorial boards of / to/for the fights of / to/for the / lema'arkhot / campaigns of,system,B1
8071,להפריד,to separate,separate,B1
8148,השירותים,the services / the toilets,service,B1
8158,הכלליים,the general (m.pl.),general,B1
8173,לתאוריה,to/for the theory / to/for a theory / for planning / for a design / for a layout / for the planning of / for the design of / for the,design,B1
8174,לתכנון,letikhnun / layout of / for the planning / for the design / for the layout,design,B1
8254,הכתב,the writing (n.) / the reporter,reporter,B1
8255,הבסיסיות,the basic (f.pl.),basic,B1
8290,חולות,sands,sand,B1
8294,משרות,jobs / positions / marinades (n.),position,B1
8313,פרוטה,dime / penny,penny,B1
8364,מרעב,of hunger,hunger,B1
8366,לעיני,in front of / to my eye,front,B1
8370,ורד,rose,rose,B1
8490,לדור,to live / to dwell,live,B1
8523,פרופסור,professor,professor,B1
8656,הגבולות,the borders / the limits,limit,B1
8685,שהונהגה,"that was led / that was introduced (a system, a procedure etc.)",system,B1
8738,לדת,to/for a religion / to/for the religion,religion,B1
8812,במצוק,[on] a cliff / [on] the cliff,cliff,B1
8837,חריפים,hot (taste) / severe (m.pl.),taste,B1
8840,המקוריים,the original (m.pl.),original,B1
8842,הדתות,the religions,religion,B1
8869,נוכח,is present / realized (m.s.) / in the presence of / in front of,front,B1
8921,בסיסיים,basic (m.pl.),basic,B1
8943,חיבורים,connections / links / linkages / joining / joints / junctions,link,B1
8980,העיתונאים,the journalists,journalist,B1
9126,מעמדם,their position / their status / their class,position,B1
9131,מהמין,from the kind / from the species / from the gender / from the sex,sex,B1
9140,לקשור,to tie / to bond / to link,link,B1
9154,לסתום,to block / to plug,block,B1
9158,תעלות,channels / canals / trenches,canal,B1
9167,שושנת,rose of,rose,B1
9223,במצבו,at his state / in his situation,situation,B1
9276,המקוריות,the original (f.pl.),original,B1
9283,השתלטו,took control (pl.),control,B1
9415,השירות,the service,service,B1
9443,באיחוד,in the union / in a union,union,B1
9449,טבעיות,natural (f.pl.),natural,B1
9474,מגוש,from a lump / from a block / from a mass /from a region,region,B1
9478,שולטת,rules / controls (f.s.),control,B1
9512,טיעונים,arguments,argument,B1
9519,מקצועית,professional (f.s.),professional,B1
9531,ומנהרות,and tunnels,tunnel,B1
9543,כלליים,general (m.pl.),general,B1
9568,טעמו,his taste / its taste / tested (pl.),taste,B1
9577,בעמדת,in a position of / in the position of,position,B1
9589,להדגיש,to stress / to emphasize,stress,B1
9602,דורו,his generation,generation,B1
9612,המקצועית,the professional (f.s.),professional,B1
9630,וריצה,and a run / and jogging (n.) / and pleased / and served (penalty) (v.) (m.s.),jogging,B1
9697,כור,reactor / melting pot,pot,B1
9705,הורדים,the roses,rose,B1
9764,מולה,in front of her,front,B1
9816,מחסום,barrier / block,block,B1
9822,לעצב,to design / to/for sadness / to/for a nerve / to/for the sadness / to/for the nerve,design,B1
9958,עמדת,the position of / the post of / the opinion of,position,B1
6,עם,with / people / nation,nation,B2
95,מנת,a portion of,portion,B2
223,שונות,difference / variation / variance (stat.) / different / various (f.pl.) / miscellaneous,variation,B2
478,בשלב,at a stage / at a phase,phase,B2
496,בסיס,basis / base,base,B2
571,דיוויזיות,divisions,division,B2
642,חוקי,legal (m.s.),legal,B2
652,שר,minister / sing (m.s.),minister,B2
673,העולמית,the global / the universal (f.s.),global,B2
971,העולמי,the global / the universal (m.s.),global,B2
1000,השונות,the difference / the variation / the variance (stat.) / the different / the various (f.pl.) / the miscelleneous,variation,B2
1068,עולה,rising / climbing / immigrant (m.s.) / rising / climbing / immigrant (f.s.),immigrant,B2
1099,התחנה,the station / the stop / the base,base,B2
1141,זאב,wolf,wolf,B2
1153,במצעד,in a parade / in a march / in the parade / in the march,parade,B2
1234,עולים,rising / increasing / climbing / immigrants (m.pl.),immigrant,B2
1276,מגן,defender / shield,defender,B2
1370,סמל,symbol / sergeant,symbol,B2
1477,הבסיס,the basis / the base,base,B2
1478,הפלישה,the invasion,invasion,B2
1480,שלב,stage / phase / rung,phase,B2
1503,עולי,immigrants of,immigrant,B2
1546,המהפכה,the revolution,revolution,B2
1670,חוזר,returns (m.s.) / repeats (m.s.) / returning / repeating / circular,circular,B2
1746,קרן,beam / ray / fund / horn / bugle,horn,B2
1847,יסודות,foundations / bases,base,B2
1874,העולים,the rising / the increasing / the climbing / the immigrants (m.pl.),immigrant,B2
1878,טרור,terror,terror,B2
1892,החלוקה,the division,division,B2
1913,פרשת,the affair of / the chapter of / the portion of,portion,B2
2029,גרסה,version,version,B2
2065,נפץ,explosion / detonator,explosion,B2
2072,יסוד,foundation / basis,basis,B2
2113,אימה,fear / terror,terror,B2
2140,המרתון,the marathon,marathon,B2
2184,עולמית,global / universal (f.s.),global,B2
2200,מנה,counted / included (m.s.) / portion,portion,B2
2223,הקבר,the grave,grave,B2
2424,האדון,the mister / the master,master,B2
2430,קרה,happened / occurred / cold (f.s.) / frost,frost,B2
2479,העמים,the people / the nations (pl.),nation,B2
2547,חוקית,legal (f.s.) / legally,legal,B2
2643,האדונים,the masters / Mr. (pl.),master,B2
2683,פלישה,invasion,invasion,B2
2817,שייך,belongs / relevant (m.s.),relevant,B2
2889,פיצוץ,explosion,explosion,B2
2900,מרתון,marathon,marathon,B2
2927,מנהל,manager / manages (m.s.) / administration / management,management,B2
2932,לשלב,to combine / to integrate / to/for the stage / to/for the phase / to/for the rung / to/for a stage / to/for a phase / to/for a rung,phase,B2
2947,הדיוויזיה,the division,division,B2
2961,עמם,their nation / their people / with them,nation,B2
3019,עורך,editor / arranges / holds (m.s.),editor,B2
3037,החוקי,the legal (m.s.),legal,B2
3136,השראה,inspiration,inspiration,B2
3162,ניהול,management,management,B2
3174,חלוקת,division of,division,B2
3178,השלב,the stage / the phase / the rung,phase,B2
3179,האות,the sign / the signal / the letter,signal,B2
3219,העורך,the editor,editor,B2
3238,אות,sign / signal / letter,signal,B2
3265,הטרור,the terror,terror,B2
3301,מוסד,institution,institution,B2
3411,הפרשה,the affair / the chapter / the portion / secretion / setting aside / allowance,portion,B2
3414,בבסיס,at the basis of / at the basis / at the base,base,B2
3418,משימות,tasks / assignments / missions,mission,B2
3428,האבולוציה,the evolution,evolution,B2
3682,גרסאות,versions,version,B2
3760,דיביזיית,division,division,B2
3917,הגרסה,the version,version,B2
3930,עמה,her people / her nation / with her,nation,B2
4013,בשלבים,in stages / in phases,phase,B2
4020,קרני,beams of / rays of / horns of / my honor,horn,B2
4081,אלמנטים,elements,element,B2
4106,האימה,the fear / the terror,terror,B2
4158,מעצמות,great nations / of bones,nation,B2
4162,תחושת,feeling of / sensation of,sensation,B2
4175,מפעיל,operates / operator (m.s.),operator,B2
4194,המחאה,check / the protest,protest,B2
4406,מסדר,arranges (m.s.) / lineup / parade,parade,B2
4446,בנוסח,version of / phrased / style of / the version of / the style of,version,B2
4486,התחנות,the stations / the stops / the bases,base,B2
4493,המשנה,that changes / the deputy / Mishnah (oral Jewish laws),oral,B2
4498,ניב,dialect / idiom / tusk,idiom,B2
4541,מחאה,protest,protest,B2
4543,מספרת,tells (f.s.) / hair salon of,salon,B2
4582,העירוני,the municipal / the urban (m.s.),urban,B2
4636,המהגרים,the immigrants,immigrant,B2
4650,קברו,buried (pl.) / his grave,grave,B2
4748,בכירים,seniors,senior,B2
4848,לבסס,to establish / to base,base,B2
4891,האומה,the nation,nation,B2
4895,הנהלת,the management of,management,B2
4918,עולמי,my world / global / universal (m.s.),global,B2
4935,בסיבוב,in a rotation / in a revolution / in the rotation / in the revolution,revolution,B2
4985,פרשה,affair / chapter / portion / retired (f.s.),portion,B2
5083,חוקיות,legal (f.pl.),legal,B2
5086,כבסיס,as a basis / as the basis,basis,B2
5133,סמלים,symbols / sergeants,symbol,B2
5158,אבולוציה,evolution,evolution,B2
5230,העולה,the rising / the climbing / the immigrant (m.s.) / the rising / the climbing / the immigrant (f.s.),immigrant,B2
5237,תחושה,feeling / sensation,sensation,B2
5245,השלבים,the stages / the phases / the rungs,phase,B2
5277,המגן,the defender / the shield,defender,B2
5285,הבכיר,the senior,senior,B2
5302,מפציצים,bombers / bomb (m.s.),bomber,B2
5349,פיגועי,the terrorist acts of,terrorist,B2
5382,הסיבוב,the rotation / the revolution,revolution,B2
5417,פלגת,group of (mil.) / division of (family),division,B2
5458,סיבובים,rotations / revolutions / whirls,revolution,B2
5535,פוגע,hits / damages / offensive (m.s.),offensive,B2
5625,שלבים,stages / phases / rungs,phase,B2
5639,נוסח,version / phrased / style,version,B2
5695,חוקיים,legal (m.pl.),legal,B2
5697,אטום,atom / sealed / opaque,atom,B2
5710,שלד,skeleton / framework,skeleton,B2
5727,ויטמין,vitamin,vitamin,B2
5743,הפרקליטות,the advocacy / the legal practice / the attorney general,legal,B2
5805,שקע,sank / declined (m.s.) / socket / depression / recess / lacuna,depression,B2
5922,העירוניים,the municipal / the urban (m.pl.),urban,B2
5978,עירוניים,municipal / urban (m.pl.),urban,B2
5980,המצעד,the parade / the march,parade,B2
6068,הפסקול,the soundtrack,soundtrack,B2
6080,מנות,portions,portion,B2
6145,השרים,the ministers,minister,B2
6173,לסיבוב,to/for/per round / to/for/per revolution / to/for the round / to/for the revolution,revolution,B2
6178,שייכים,belong / relevant (m.pl.),relevant,B2
6320,הסמלים,the symbols / the sergeants,symbol,B2
6334,ייעודו,his mission,mission,B2
6448,רגש,feeling / emotion,emotion,B2
6555,הפגנות,demonstrations,demonstration,B2
6573,סיבוב,rotation / revolution,revolution,B2
6619,אלמנט,element,element,B2
6710,הבסיסים,the bases,base,B2
6815,פסקול,soundtrack,soundtrack,B2
6824,בסיסים,bases,base,B2
6876,שייכת,belongs / relevant (f.s.),relevant,B2
6955,הזאב,the wolf,wolf,B2
7011,האומות,the nations,nation,B2
7022,מהפכת,the revolution of,revolution,B2
7031,הקוד,the code,code,B2
7037,מפעילי,operators of,operator,B2
7075,מהגרים,immigrants / immigrate (m.pl.),immigrant,B2
7100,קבר,grave,grave,B2
7149,עירוני,municipal / urban,urban,B2
7277,רבותי,[ladies and] gentlemen,gentleman,B2
7308,השר,the minister,minister,B2
7428,המעצמות,the great nations,nation,B2
7432,הקרה,the frost / the cold (f.s.),frost,B2
7433,הפיכה,revolution / conversion / turning / inversion,revolution,B2
7451,בכיר,senior,senior,B2
7473,לפלישה,for an invasion / for the invasion,invasion,B2
7504,בניהול,in management / under the management of,management,B2
7536,רגשות,feelings / emotions,emotion,B2
7560,חוזרים,return (m.pl.) / repeat (m.pl.) / repeating / circulars,circular,B2
7640,בטרור,using terror,terror,B2
7651,מעפילים,illegal immigrants (to Israel during the British mandate),immigrant,B2
7690,ממדים,dimensions,dimension,B2
7736,בגרסה,in a version / in the version,version,B2
7771,קידומת,prefix / area code,code,B2
7787,האטומים,the atoms / the sealed / the opaue,atom,B2
7842,הרגשה,feeling / sensation,sensation,B2
7882,משימה,task / assignment / mission,mission,B2
7918,פלג,section / division / stream / creek,division,B2
7967,המינהל,the administration / the management,management,B2
7971,סוכנים,agents,agent,B2
7999,הפיכת,revolution of / conversion of / turning of / inversion of,revolution,B2
8077,תרשים,sketch / chart / graph,graph,B2
8144,למשימות,to/for tasks / to/for assignments / to/for missions / to/for the tasks / to/for the assignments / to/for the missions,mission,B2
8187,אטומי,atomic / atoms of,atom,B2
8212,חלוקות,divisions,division,B2
8213,אטומים,atoms / sealed / opaque (m.pl.),atom,B2
8268,הניב,produced / yielded / the idiom / the tusk,idiom,B2
8275,ממדי,dimensions of,dimension,B2
8359,גוי,gentile / nation,nation,B2
8497,לניהול,of management / for the management of,management,B2
8498,לנהוג,to drive / to lead / to do something on a regular basis,basis,B2
8601,הבכירים,the seniors / the senior (m.pl.),senior,B2
8621,בשלבי,at the stages of / in the phases of / on the rungs of,phase,B2
8673,למחות,to protest / to wipe,protest,B2
8679,והפיכת,and the revolution of / and the conversion of / and the turning of / and the inversion of,revolution,B2
8698,המחאות,checks (n.) / the protests,protest,B2
8708,הסמל,the symbol / the sergeant,symbol,B2
8767,השייך,that/which belongs / that is relevant,relevant,B2
8770,העירונית,the municipal / the urban (f.s.),urban,B2
8775,הגדרות,definitions / the fences,definition,B2
8811,הבנקאית,the banker (f.) / the banker / the bank,banker,B2
8862,הקרן,the beam / the ray / the fund / the horn / the bugle,horn,B2
8879,לבסיס,to/for a basis / to/for the basis,basis,B2
8887,חלוקה,division / distribution,division,B2
8897,גרסתו,his version,version,B2
8922,ממד,dimension,dimension,B2
8988,המשימות,the tasks / the assignments / the missions,mission,B2
8991,הפטיש,the hammer,hammer,B2
9178,פוגעים,hit / damage / offensive (m.pl.),offensive,B2
9180,עורכי,editors of / arrangers of (m.pl.),editor,B2
9285,החוקית,the legal (f.s.),legal,B2
9372,לשר,to/for the minister / to/for a minister,minister,B2
9480,פלגות,groups (mil.) / division (family),division,B2
9485,הוותיקים,the veterans / the seniors,senior,B2
9551,השלד,the skeleton / the framework,skeleton,B2
9646,שלבי,stages of / phases of / rungs of,phase,B2
9754,הגאות,the tide,tide,B2
9778,תחושות,feelings / sensations,sensation,B2
9781,ותיק,veteran / senior,senior,B2
9802,בקרן,in a beam / in a ray / in a fund / with a horn / [in] a bugle,horn,B2
9851,השפל,the low tide / the recession / the heinous / humiliate (m.s. imperative),tide,B2
9852,הקצב,the rate / the butcher,rate,B2
9917,להסתמך,to rely / to base oneself on / to refer,base,B2
9951,קיפאון,frost / freezing,frost,B2
9957,עמים,nations,nation,B2
9967,חקלאיות,agricultural / rural,rural,B2
9970,אדונו,his master,master,B2
354,המרד,the rebellion,rebellion,C1
561,במידה,of a measure / of size / of a quality / to the extent that / [if (slang)],slang,C1
694,החלבון,the protein,protein,C1
918,מעמד,class (social) / status / scene / pedestal,status,C1
1175,טנקים,tanks,tank,C1
1449,מרד,rebellion / rebelled (m.s.),rebellion,C1
2354,חלבונים,proteins,protein,C1
2549,היריב,the rival / the opponent / the enemy (m.s.),rival,C1
2685,תוכניתו,his plan / his program / his layout,layout,C1
2998,יקרה,prestige,prestige,C1
3045,במרד,[in] a rebellion / [in] the rebellion,rebellion,C1
3292,חידוש,innovation,innovation,C1
3325,המרי,the rebellion,rebellion,C1
3383,הטנקים,the tanks,tank,C1
3565,החלבונים,the proteins,protein,C1
3589,נכבד,honorable / notable,notable,C1
3627,למרד,to/for a rebellion / to/for the rebellion,rebellion,C1
4176,מעמדו,his position / his status / his class,status,C1
4652,איור,illustration,illustration,C1
4687,חלבון,protein,protein,C1
4738,הקדמונים,the prehistoric / the ancient / the primitive (m.pl.),primitive,C1
5044,הנגד,the opposition / the resistor / the non commissioned officer,opposition,C1
5358,מתקני,installations of / devices of,installation,C1
5775,היריבה,the rival / the opponent / the enemy (f.s.),rival,C1
5841,מתקן,corrects / repairs (m.s.) / installation / device,installation,C1
5918,נייטרליות,neutral (f.pl.) / neutral,neutral,C1
5990,נייטרלי,neutral (m.s.),neutral,C1
6091,האופוזיציה,the opposition,opposition,C1
6290,טנק,tank,tank,C1
6380,הגאונים,the geniuses,genius,C1
6586,תכניות,plans / programs / layouts,layout,C1
6647,מעמדה,her position / her status / her class,status,C1
6793,ובמידה,and of a measure / and of size / of a quality / to the extent that / [if (slang)],slang,C1
7207,מרי,rebellion,rebellion,C1
7344,מריו,his rebellion,rebellion,C1
7609,עונשין,panel,panel,C1
7944,גאון,genius,genius,C1
8012,יוזמה,initiative / enterprise,initiative,C1
8219,הקדמון,the prehistoric / the ancient / the primitive (m.s.),primitive,C1
8266,זוגי,even / dual / for two,dual,C1
8549,הגאון,the genius,genius,C1
8632,יריב,rival / opponent / enemy (m.s.),rival,C1
8757,חובבים,amateurs / like (m.pl.),amateur,C1
8820,הברונזה,the bronze,bronze,C1
8995,בחלבון,in protein / in the protein,protein,C1
9262,יריביו,his rivals / his opponents / his enemies,rival,C1
9609,בתוכניות,in plans / in programs / in layouts / in the plans / in the programs / in the layouts,layout,C1
9974,ארד,bronze,bronze,C1
