word,level,language,source
START,A1,de,Goethe
hörden,A1,de,Goethe
Es,A1,de,Goethe
Deutsch,A1,de,Goethe
bung,A1,de,Goethe
systeme,A1,de,Goethe
Gemeinsamen,A1,de,Goethe
Kompetenzskala,A1,de,Goethe
Sprachbeherrschung,A1,de,Goethe
Sprache,A1,de,Goethe
schen,A1,de,Goethe
wenn,A1,de,Goethe
nen,A1,de,Goethe
Hälfte,A1,de,Goethe
Zunächst,A1,de,Goethe
gesehen,A1,de,Goethe
Zahlen,A1,de,Goethe
Zusammenstellung,A1,de,Goethe
wird,A1,de,Goethe
dungen,A1,de,Goethe
sofort,A1,de,Goethe
Appetit,A1,de,Goethe
schieden,A1,de,Goethe
erschließbar,A1,de,Goethe
danken,A1,de,Goethe
zusätzlich,A1,de,Goethe
Teil,A1,de,Goethe
Sie,A1,de,Goethe
übung,A1,de,Goethe
Sprachkurses,A1,de,Goethe
Michaela,A1,de,Goethe
In,A1,de,Goethe
zusammengestellt,A1,de,Goethe
Person,A1,de,Goethe
wohnen,A1,de,Goethe
umwelt,A1,de,Goethe
Dienstleistungen,A1,de,Goethe
wortschatz,A1,de,Goethe
Listen,A1,de,Goethe
eine,A1,de,Goethe
Ausgenommen,A1,de,Goethe
Hör-,A1,de,Goethe
sinntragend,A1,de,Goethe
Wortbildung,A1,de,Goethe
Als,A1,de,Goethe
Bedeutung,A1,de,Goethe
ka,A1,de,Goethe
Aufgenommen,A1,de,Goethe
gaben,A1,de,Goethe
ergänzen,A1,de,Goethe
chen,A1,de,Goethe
unterschieden,A1,de,Goethe
ausländisch,A1,de,Goethe
aufgelistet,A1,de,Goethe
Kunde,A1,de,Goethe
Komposita,A1,de,Goethe
men,A1,de,Goethe
Beispiel,A1,de,Goethe
Pluralformen,A1,de,Goethe
zentrale,A1,de,Goethe
dritte,A1,de,Goethe
Außerdem,A1,de,Goethe
Nationes,A1,de,Goethe
John,A1,de,Goethe
wortgruppenliste,A1,de,Goethe
Datum,A1,de,Goethe
heute,A1,de,Goethe
Berlin,A1,de,Goethe
uhrzeit,A1,de,Goethe
zeitmaße,A1,de,Goethe
währungen,A1,de,Goethe
maße,A1,de,Goethe
ein,A1,de,Goethe
zweihundert,A1,de,Goethe
vier,A1,de,Goethe
Deutschland,A1,de,Goethe
Angabe,A1,de,Goethe
Land,A1,de,Goethe
Finnland,A1,de,Goethe
Mexiko,A1,de,Goethe
Farben,A1,de,Goethe
schwarz,A1,de,Goethe
weiß,A1,de,Goethe
Himmelsrichtungen,A1,de,Goethe
Alphabetische,A1,de,Goethe
aber,A1,de,Goethe
abfahren,A1,de,Goethe
abgeben,A1,de,Goethe
abholen,A1,de,Goethe
Achtung,A1,de,Goethe
all-,A1,de,Goethe
allein,A1,de,Goethe
also,A1,de,Goethe
alt,A1,de,Goethe
an,A1,de,Goethe
anbieten,A1,de,Goethe
ander-,A1,de,Goethe
anfangen,A1,de,Goethe
anklicken,A1,de,Goethe
ankommen,A1,de,Goethe
ankreuzen,A1,de,Goethe
anmachen,A1,de,Goethe
sich,A1,de,Goethe
anrufen,A1,de,Goethe
beantworter,A1,de,Goethe
antworten,A1,de,Goethe
arbeiten,A1,de,Goethe
arbeitslos,A1,de,Goethe
auch,A1,de,Goethe
auf,A1,de,Goethe
aufhören,A1,de,Goethe
aufstehen,A1,de,Goethe
aus,A1,de,Goethe
ausfüllen,A1,de,Goethe
ausmachen,A1,de,Goethe
aussehen,A1,de,Goethe
aussteigen,A1,de,Goethe
automatisch,A1,de,Goethe
baden,A1,de,Goethe
bald,A1,de,Goethe
bar,A1,de,Goethe
bedeuten,A1,de,Goethe
beginnen,A1,de,Goethe
bei,A1,de,Goethe
beide,A1,de,Goethe
zum,A1,de,Goethe
bekannt,A1,de,Goethe
bekommen,A1,de,Goethe
benutzen,A1,de,Goethe
besetzt,A1,de,Goethe
besichtigen,A1,de,Goethe
besser,A1,de,Goethe
best-,A1,de,Goethe
bestellen,A1,de,Goethe
besuchen,A1,de,Goethe
bezahlen,A1,de,Goethe
billig,A1,de,Goethe
bis,A1,de,Goethe
bisschen,A1,de,Goethe
bitte,A1,de,Goethe
bitten,A1,de,Goethe
bitter,A1,de,Goethe
bleiben,A1,de,Goethe
böse,A1,de,Goethe
brauchen,A1,de,Goethe
breit,A1,de,Goethe
bringen,A1,de,Goethe
buchstabieren,A1,de,Goethe
da,A1,de,Goethe
daneben,A1,de,Goethe
danke,A1,de,Goethe
dann,A1,de,Goethe
dauern,A1,de,Goethe
dein-,A1,de,Goethe
denn,A1,de,Goethe
dich,A1,de,Goethe
dies-,A1,de,Goethe
dir,A1,de,Goethe
dort,A1,de,Goethe
draußen,A1,de,Goethe
drucken,A1,de,Goethe
drücken,A1,de,Goethe
durch,A1,de,Goethe
dürfen,A1,de,Goethe
eilig,A1,de,Goethe
ein-,A1,de,Goethe
einfach,A1,de,Goethe
einkaufen,A1,de,Goethe
einladen,A1,de,Goethe
einmal,A1,de,Goethe
einsteigen,A1,de,Goethe
empfehlen,A1,de,Goethe
enden,A1,de,Goethe
entschuldigen,A1,de,Goethe
er,A1,de,Goethe
erklären,A1,de,Goethe
erlauben,A1,de,Goethe
erzählen,A1,de,Goethe
essen,A1,de,Goethe
euer,A1,de,Goethe
fahren,A1,de,Goethe
falsch,A1,de,Goethe
Feier-,A1,de,Goethe
feiern,A1,de,Goethe
fehlen,A1,de,Goethe
fernsehen,A1,de,Goethe
fertig,A1,de,Goethe
finden,A1,de,Goethe
fliegen,A1,de,Goethe
abfliegen,A1,de,Goethe
fragen,A1,de,Goethe
frei,A1,de,Goethe
fremd,A1,de,Goethe
früher,A1,de,Goethe
frühstücken,A1,de,Goethe
für,A1,de,Goethe
geben,A1,de,Goethe
geboren,A1,de,Goethe
gefallen,A1,de,Goethe
gegen,A1,de,Goethe
gehen,A1,de,Goethe
gehören,A1,de,Goethe
gerade,A1,de,Goethe
geradeaus,A1,de,Goethe
gestern,A1,de,Goethe
gestorben,A1,de,Goethe
gewinnen,A1,de,Goethe
glauben,A1,de,Goethe
gleich,A1,de,Goethe
glücklich,A1,de,Goethe
Grad,A1,de,Goethe
gratulieren,A1,de,Goethe
grillen,A1,de,Goethe
groß,A1,de,Goethe
gültig,A1,de,Goethe
günstig,A1,de,Goethe
gut,A1,de,Goethe
haben,A1,de,Goethe
hallo,A1,de,Goethe
halten,A1,de,Goethe
heiraten,A1,de,Goethe
heißen,A1,de,Goethe
helfen,A1,de,Goethe
hell,A1,de,Goethe
herzlich,A1,de,Goethe
hier,A1,de,Goethe
hinten,A1,de,Goethe
hoch,A1,de,Goethe
holen,A1,de,Goethe
hören,A1,de,Goethe
ich,A1,de,Goethe
immer,A1,de,Goethe
international,A1,de,Goethe
ja,A1,de,Goethe
jed-,A1,de,Goethe
jetzt,A1,de,Goethe
jung,A1,de,Goethe
kaputt,A1,de,Goethe
kaufen,A1,de,Goethe
kein,A1,de,Goethe
kennen,A1,de,Goethe
kennenlernen,A1,de,Goethe
klar,A1,de,Goethe
klein,A1,de,Goethe
kochen,A1,de,Goethe
kommen,A1,de,Goethe
können,A1,de,Goethe
kosten,A1,de,Goethe
krank,A1,de,Goethe
kriegen,A1,de,Goethe
kulturell,A1,de,Goethe
kurz,A1,de,Goethe
lachen,A1,de,Goethe
lang,A1,de,Goethe
lange,A1,de,Goethe
langsam,A1,de,Goethe
laufen,A1,de,Goethe
laut,A1,de,Goethe
leben,A1,de,Goethe
mittel,A1,de,Goethe
ledig,A1,de,Goethe
legen,A1,de,Goethe
leicht,A1,de,Goethe
leider,A1,de,Goethe
leise,A1,de,Goethe
lernen,A1,de,Goethe
lesen,A1,de,Goethe
letzt-,A1,de,Goethe
lieb-,A1,de,Goethe
lieben,A1,de,Goethe
lieber,A1,de,Goethe
Lieblings-,A1,de,Goethe
liegen,A1,de,Goethe
links,A1,de,Goethe
lustig,A1,de,Goethe
machen,A1,de,Goethe
man,A1,de,Goethe
männlich,A1,de,Goethe
mehr,A1,de,Goethe
mein,A1,de,Goethe
meist-,A1,de,Goethe
mieten,A1,de,Goethe
mit,A1,de,Goethe
mitbringen,A1,de,Goethe
mitkommen,A1,de,Goethe
mitmachen,A1,de,Goethe
mitnehmen,A1,de,Goethe
möchten,A1,de,Goethe
mögen,A1,de,Goethe
möglich,A1,de,Goethe
morgen,A1,de,Goethe
müde,A1,de,Goethe
müssen,A1,de,Goethe
nach,A1,de,Goethe
nächst-,A1,de,Goethe
nehmen,A1,de,Goethe
nein,A1,de,Goethe
neu,A1,de,Goethe
nicht,A1,de,Goethe
nichts,A1,de,Goethe
nie,A1,de,Goethe
noch,A1,de,Goethe
normal,A1,de,Goethe
nur,A1,de,Goethe
oben,A1,de,Goethe
oder,A1,de,Goethe
öffnen,A1,de,Goethe
geöffnet,A1,de,Goethe
oft,A1,de,Goethe
ohne,A1,de,Goethe
pünktlich,A1,de,Goethe
Rad,A1,de,Goethe
rauchen,A1,de,Goethe
rechts,A1,de,Goethe
regnen,A1,de,Goethe
reisen,A1,de,Goethe
reparieren,A1,de,Goethe
richtig,A1,de,Goethe
riechen,A1,de,Goethe
ruhig,A1,de,Goethe
sagen,A1,de,Goethe
Satz,A1,de,Goethe
scheinen,A1,de,Goethe
schicken,A1,de,Goethe
schlafen,A1,de,Goethe
schlecht,A1,de,Goethe
schließen,A1,de,Goethe
geschlossen,A1,de,Goethe
schmecken,A1,de,Goethe
schnell,A1,de,Goethe
schon,A1,de,Goethe
schön,A1,de,Goethe
schreiben,A1,de,Goethe
schwer,A1,de,Goethe
schwimmen,A1,de,Goethe
sehen,A1,de,Goethe
sehr,A1,de,Goethe
sein,A1,de,Goethe
weg,A1,de,Goethe
zu,A1,de,Goethe
seit,A1,de,Goethe
selbstständig,A1,de,Goethe
sitzen,A1,de,Goethe
so,A1,de,Goethe
sollen,A1,de,Goethe
spät,A1,de,Goethe
später,A1,de,Goethe
spielen,A1,de,Goethe
sprechen,A1,de,Goethe
stehen,A1,de,Goethe
stellen,A1,de,Goethe
studieren,A1,de,Goethe
suchen,A1,de,Goethe
tanzen,A1,de,Goethe
telefonieren,A1,de,Goethe
teuer,A1,de,Goethe
tot,A1,de,Goethe
trinken,A1,de,Goethe
tschüss,A1,de,Goethe
tun,A1,de,Goethe
über,A1,de,Goethe
übernachten,A1,de,Goethe
überweisen,A1,de,Goethe
um,A1,de,Goethe
umziehen,A1,de,Goethe
und,A1,de,Goethe
unser-,A1,de,Goethe
unten,A1,de,Goethe
unter,A1,de,Goethe
unterschreiben,A1,de,Goethe
verboten,A1,de,Goethe
verdienen,A1,de,Goethe
verheiratet,A1,de,Goethe
verkaufen,A1,de,Goethe
vermieten,A1,de,Goethe
verstehen,A1,de,Goethe
viel,A1,de,Goethe
vielleicht,A1,de,Goethe
von,A1,de,Goethe
vor,A1,de,Goethe
wandern,A1,de,Goethe
wann,A1,de,Goethe
warten,A1,de,Goethe
warum,A1,de,Goethe
was,A1,de,Goethe
weh,A1,de,Goethe
weiblich,A1,de,Goethe
weit,A1,de,Goethe
weiter,A1,de,Goethe
welch-,A1,de,Goethe
wenig,A1,de,Goethe
wer,A1,de,Goethe
werden,A1,de,Goethe
wichtig,A1,de,Goethe
wie,A1,de,Goethe
wiederholen,A1,de,Goethe
willkommen,A1,de,Goethe
wir,A1,de,Goethe
wissen,A1,de,Goethe
wo,A1,de,Goethe
woher,A1,de,Goethe
wohin,A1,de,Goethe
wollen,A1,de,Goethe
wunderbar,A1,de,Goethe
zurzeit,A1,de,Goethe
zufrieden,A1,de,Goethe
zurück,A1,de,Goethe
zusammen,A1,de,Goethe
zwischen,A1,de,Goethe
LITerATur,A1,de,Goethe
ALTE,A1,de,Goethe
Hg,A1,de,Goethe
Gemeinsamer,A1,de,Goethe
urteilen,A1,de,Goethe
sche,A1,de,Goethe
Schweizerischen,A1,de,Goethe
tur,A1,de,Goethe
Langenscheidt,A1,de,Goethe
Profile,A1,de,Goethe
nikative,A1,de,Goethe
europäischen,A1,de,Goethe
Müller,A1,de,Goethe
scheidt,A1,de,Goethe
Waystage,A1,de,Goethe
objective,A1,de,Goethe
modern,A1,de,Goethe
ation,A1,de,Goethe
DEUTSCHPRÜFUNG,A2,de,Goethe
JUGENDLICHE,A2,de,Goethe
Zertifiziert,A2,de,Goethe
IMPRESSUM,A2,de,Goethe
Diese,A2,de,Goethe
Gesamtkoordination,A2,de,Goethe
Michaela,A2,de,Goethe
Projektmitarbeiterinnen,A2,de,Goethe
Doris,A2,de,Goethe
Beratung,A2,de,Goethe
Manuela,A2,de,Goethe
Franziska,A2,de,Goethe
Plisch,A2,de,Goethe
ISBN,A2,de,Goethe
Jede,A2,de,Goethe
vorherigen,A2,de,Goethe
Hinweis,A2,de,Goethe
Einwilligung,A2,de,Goethe
Dies,A2,de,Goethe
Eingetragene,A2,de,Goethe
Markeninhabers,A2,de,Goethe
beachten,A2,de,Goethe
Herausgeber,A2,de,Goethe
Bereich,A2,de,Goethe
Dachauer,A2,de,Goethe
Gestaltung,A2,de,Goethe
Wortgruppen,A2,de,Goethe
Abkürzungen,A2,de,Goethe
Anweisungssprache,A2,de,Goethe
Berufe,A2,de,Goethe
Familienmitglieder,A2,de,Goethe
Familienstand,A2,de,Goethe
Farben,A2,de,Goethe
Himmelsrichtungen,A2,de,Goethe
Länder,A2,de,Goethe
Schule,A2,de,Goethe
Währungen,A2,de,Goethe
Zeitangaben,A2,de,Goethe
Datum,A2,de,Goethe
Feiertage,A2,de,Goethe
Jahreszeiten,A2,de,Goethe
Monate,A2,de,Goethe
Tageszeiten,A2,de,Goethe
Uhrzeit,A2,de,Goethe
Wochentage,A2,de,Goethe
Zeitmaße,A2,de,Goethe
Zahlen,A2,de,Goethe
Alphabetischer,A2,de,Goethe
Es,A2,de,Goethe
für,A2,de,Goethe
Verlag,A2,de,Goethe
europäischen,A2,de,Goethe
licht,A2,de,Goethe
schatzes,A2,de,Goethe
Besuch,A2,de,Goethe
sche,A2,de,Goethe
Ausdrücke,A2,de,Goethe
Bearbeiten,A2,de,Goethe
Verständnis,A2,de,Goethe
Standardvarianten,A2,de,Goethe
nicht,A2,de,Goethe
Wortes,A2,de,Goethe
lichen,A2,de,Goethe
Einige,A2,de,Goethe
alphabetischen,A2,de,Goethe
Wörter,A2,de,Goethe
gruppen,A2,de,Goethe
Auf,A2,de,Goethe
verzichtet,A2,de,Goethe
beispielsweise,A2,de,Goethe
ßen,A2,de,Goethe
Wir,A2,de,Goethe
ca,A2,de,Goethe
ICE,A2,de,Goethe
Lkw,A2,de,Goethe
PC,A2,de,Goethe
SMS,A2,de,Goethe
usw,A2,de,Goethe
WC,A2,de,Goethe
Bruder,A2,de,Goethe
Cousin,A2,de,Goethe
Cousine,A2,de,Goethe
Eltern,A2,de,Goethe
Enkelin,A2,de,Goethe
Geschwister,A2,de,Goethe
Großeltern,A2,de,Goethe
Großmutter,A2,de,Goethe
Großvater,A2,de,Goethe
Kind,A2,de,Goethe
Mutter,A2,de,Goethe
Onkel,A2,de,Goethe
Schwester,A2,de,Goethe
Sohn,A2,de,Goethe
Tante,A2,de,Goethe
Tochter,A2,de,Goethe
Vater,A2,de,Goethe
Verwandte,A2,de,Goethe
Deutschland,A2,de,Goethe
Deutsche,A2,de,Goethe
deutsch,A2,de,Goethe
Österreich,A2,de,Goethe
Österreicher,A2,de,Goethe
österreichisch,A2,de,Goethe
Schweizer,A2,de,Goethe
schweizerisch,A2,de,Goethe
Luxemburg,A2,de,Goethe
Luxemburger,A2,de,Goethe
nen,A2,de,Goethe
luxemburgisch,A2,de,Goethe
Europa,A2,de,Goethe
Europäer,A2,de,Goethe
europäisch,A2,de,Goethe
Heute,A2,de,Goethe
Berlin,A2,de,Goethe
Karneval,A2,de,Goethe
Ostern,A2,de,Goethe
Weihnachten,A2,de,Goethe
Frühling,A2,de,Goethe
Sommer,A2,de,Goethe
Herbst,A2,de,Goethe
Winter,A2,de,Goethe
am,A2,de,Goethe
montags,A2,de,Goethe
dienstags,A2,de,Goethe
mittwochs,A2,de,Goethe
donnerstags,A2,de,Goethe
freitags,A2,de,Goethe
samstags,A2,de,Goethe
sonntags,A2,de,Goethe
Feiertag,A2,de,Goethe
Sekunde,A2,de,Goethe
Minute,A2,de,Goethe
Stunde,A2,de,Goethe
Woche,A2,de,Goethe
Jahr,A2,de,Goethe
ab,A2,de,Goethe
aber,A2,de,Goethe
ich,A2,de,Goethe
damit,A2,de,Goethe
abgeben,A2,de,Goethe
gibt,A2,de,Goethe
hat,A2,de,Goethe
abholen,A2,de,Goethe
abschließen,A2,de,Goethe
schließt,A2,de,Goethe
Achtung,A2,de,Goethe
fährt,A2,de,Goethe
hast,A2,de,Goethe
Wie,A2,de,Goethe
aktiv,A2,de,Goethe
aktuell,A2,de,Goethe
all-,A2,de,Goethe
Möchten,A2,de,Goethe
alles,A2,de,Goethe
Sind,A2,de,Goethe
Alle,A2,de,Goethe
allein,A2,de,Goethe
Soll,A2,de,Goethe
als,A2,de,Goethe
Sie,A2,de,Goethe
also,A2,de,Goethe
Er,A2,de,Goethe
alt,A2,de,Goethe
Mein,A2,de,Goethe
Köln,A2,de,Goethe
Nach,A2,de,Goethe
an,A2,de,Goethe
anbieten,A2,de,Goethe
bietet,A2,de,Goethe
arbeiten,A2,de,Goethe
Krankenhaus,A2,de,Goethe
arbeitslos,A2,de,Goethe
ärgern,A2,de,Goethe
ärgert,A2,de,Goethe
arm,A2,de,Goethe
gelesen,A2,de,Goethe
auch,A2,de,Goethe
Maria,A2,de,Goethe
Meine,A2,de,Goethe
keinen,A2,de,Goethe
langweilig,A2,de,Goethe
aufhören,A2,de,Goethe
hört,A2,de,Goethe
aufmachen,A2,de,Goethe
macht,A2,de,Goethe
aufpassen,A2,de,Goethe
passt,A2,de,Goethe
aufräumen,A2,de,Goethe
räumt,A2,de,Goethe
aufregend,A2,de,Goethe
aufstehen,A2,de,Goethe
steht,A2,de,Goethe
ist,A2,de,Goethe
automatisch,A2,de,Goethe
backen,A2,de,Goethe
baden,A2,de,Goethe
bald,A2,de,Goethe
bar,A2,de,Goethe
basteln,A2,de,Goethe
bauen,A2,de,Goethe
beantworten,A2,de,Goethe
beantwortet,A2,de,Goethe
bedanken,A2,de,Goethe
bedankt,A2,de,Goethe
bedeuten,A2,de,Goethe
bedeutet,A2,de,Goethe
beeilen,A2,de,Goethe
beeilt,A2,de,Goethe
besichtigen,A2,de,Goethe
besichtigt,A2,de,Goethe
besonders,A2,de,Goethe
bestätigen,A2,de,Goethe
bestätigt,A2,de,Goethe
bestehen,A2,de,Goethe
besteht,A2,de,Goethe
bestellen,A2,de,Goethe
bestellt,A2,de,Goethe
besuchen,A2,de,Goethe
besucht,A2,de,Goethe
bewerben,A2,de,Goethe
bewirbt,A2,de,Goethe
bewölkt,A2,de,Goethe
bezahlen,A2,de,Goethe
bezahlt,A2,de,Goethe
billig,A2,de,Goethe
bis,A2,de,Goethe
bisschen,A2,de,Goethe
bitte,A2,de,Goethe
bitten,A2,de,Goethe
bittet,A2,de,Goethe
bitter,A2,de,Goethe
chatten,A2,de,Goethe
chattet,A2,de,Goethe
Klub,A2,de,Goethe
da,A2,de,Goethe
darüber,A2,de,Goethe
dabei,A2,de,Goethe
war,A2,de,Goethe
dagegen,A2,de,Goethe
damals,A2,de,Goethe
daneben,A2,de,Goethe
danke,A2,de,Goethe
danken,A2,de,Goethe
dann,A2,de,Goethe
dass,A2,de,Goethe
drucken,A2,de,Goethe
dumm,A2,de,Goethe
Entschuldigung,A2,de,Goethe
dunkel,A2,de,Goethe
dünn,A2,de,Goethe
schwer,A2,de,Goethe
durch,A2,de,Goethe
dürfen,A2,de,Goethe
durfte,A2,de,Goethe
duschen,A2,de,Goethe
duscht,A2,de,Goethe
echt,A2,de,Goethe
kommen,A2,de,Goethe
egal,A2,de,Goethe
Willst,A2,de,Goethe
eigen-,A2,de,Goethe
eigentlich,A2,de,Goethe
Kennst,A2,de,Goethe
eilig,A2,de,Goethe
einfach,A2,de,Goethe
Hin,A2,de,Goethe
Fahrt,A2,de,Goethe
einig-,A2,de,Goethe
einkaufen,A2,de,Goethe
kauft,A2,de,Goethe
erinnern,A2,de,Goethe
erinnert,A2,de,Goethe
erkältet,A2,de,Goethe
gewesen,A2,de,Goethe
erklären,A2,de,Goethe
erlauben,A2,de,Goethe
erlaubt,A2,de,Goethe
erreichen,A2,de,Goethe
erreicht,A2,de,Goethe
erst,A2,de,Goethe
erzählen,A2,de,Goethe
essen,A2,de,Goethe
etwas,A2,de,Goethe
fallen,A2,de,Goethe
fleißig,A2,de,Goethe
Hausaufgaben,A2,de,Goethe
fliegt,A2,de,Goethe
Diesen,A2,de,Goethe
um,A2,de,Goethe
müssen,A2,de,Goethe
fotografieren,A2,de,Goethe
fotografiert,A2,de,Goethe
fragen,A2,de,Goethe
Guten,A2,de,Goethe
Hier,A2,de,Goethe
frei,A2,de,Goethe
Morgen,A2,de,Goethe
Eintritt,A2,de,Goethe
freiwillig,A2,de,Goethe
fremd,A2,de,Goethe
freuen,A2,de,Goethe
bekommen,A2,de,Goethe
freut,A2,de,Goethe
Fußball,A2,de,Goethe
freundlich,A2,de,Goethe
Mit,A2,de,Goethe
frisch,A2,de,Goethe
froh,A2,de,Goethe
Frohes,A2,de,Goethe
früh,A2,de,Goethe
gegenüber,A2,de,Goethe
gehen,A2,de,Goethe
Nimmst,A2,de,Goethe
zu,A2,de,Goethe
gehören,A2,de,Goethe
Kannst,A2,de,Goethe
Tomaten,A2,de,Goethe
genau,A2,de,Goethe
Ja,A2,de,Goethe
genug,A2,de,Goethe
ein,A2,de,Goethe
gerade,A2,de,Goethe
Was,A2,de,Goethe
geradeaus,A2,de,Goethe
gern,A2,de,Goethe
Paul,A2,de,Goethe
fünf,A2,de,Goethe
gestern,A2,de,Goethe
gesund,A2,de,Goethe
Sg,A2,de,Goethe
Wo,A2,de,Goethe
hallo,A2,de,Goethe
halten,A2,de,Goethe
hängen,A2,de,Goethe
gehängt,A2,de,Goethe
gehangen,A2,de,Goethe
hart,A2,de,Goethe
hässlich,A2,de,Goethe
und,A2,de,Goethe
Jetzt,A2,de,Goethe
Heimat,A2,de,Goethe
heiraten,A2,de,Goethe
heiß,A2,de,Goethe
Mir,A2,de,Goethe
heißen,A2,de,Goethe
helfen,A2,de,Goethe
hell,A2,de,Goethe
Haben,A2,de,Goethe
Woher,A2,de,Goethe
so,A2,de,Goethe
immer,A2,de,Goethe
in,A2,de,Goethe
Frau,A2,de,Goethe
Komm,A2,de,Goethe
Wenn,A2,de,Goethe
informieren,A2,de,Goethe
sich,A2,de,Goethe
informiert,A2,de,Goethe
machen,A2,de,Goethe
Rügen,A2,de,Goethe
intelligent,A2,de,Goethe
Reisen,A2,de,Goethe
interessieren,A2,de,Goethe
interessiert,A2,de,Goethe
interessant,A2,de,Goethe
international,A2,de,Goethe
aus,A2,de,Goethe
Du,A2,de,Goethe
spielen,A2,de,Goethe
deinem,A2,de,Goethe
jeder,A2,de,Goethe
Jedes,A2,de,Goethe
jemand,A2,de,Goethe
joggen,A2,de,Goethe
herberge,A2,de,Goethe
klappen,A2,de,Goethe
geklappt,A2,de,Goethe
klar,A2,de,Goethe
klein,A2,de,Goethe
Unsere,A2,de,Goethe
Jahre,A2,de,Goethe
klug,A2,de,Goethe
Lisa,A2,de,Goethe
kochen,A2,de,Goethe
komisch,A2,de,Goethe
Eine,A2,de,Goethe
können,A2,de,Goethe
konnte,A2,de,Goethe
schnellsten,A2,de,Goethe
Kann,A2,de,Goethe
Konto,A2,de,Goethe
kontrollieren,A2,de,Goethe
kontrolliert,A2,de,Goethe
Gepäck,A2,de,Goethe
tun,A2,de,Goethe
kosten,A2,de,Goethe
lang,A2,de,Goethe
lange,A2,de,Goethe
langsam,A2,de,Goethe
lassen,A2,de,Goethe
laufen,A2,de,Goethe
laut,A2,de,Goethe
leben,A2,de,Goethe
mittel,A2,de,Goethe
leer,A2,de,Goethe
legen,A2,de,Goethe
leicht,A2,de,Goethe
leider,A2,de,Goethe
tut,A2,de,Goethe
leihen,A2,de,Goethe
leise,A2,de,Goethe
lernen,A2,de,Goethe
lesen,A2,de,Goethe
letzt-,A2,de,Goethe
lieb-,A2,de,Goethe
lieben,A2,de,Goethe
Lieblings-,A2,de,Goethe
liefern,A2,de,Goethe
liegen,A2,de,Goethe
meistens,A2,de,Goethe
merken,A2,de,Goethe
mieten,A2,de,Goethe
mindestens,A2,de,Goethe
wasser,A2,de,Goethe
telefon,A2,de,Goethe
mochte,A2,de,Goethe
mögen,A2,de,Goethe
möglich,A2,de,Goethe
nein,A2,de,Goethe
Fährst,A2,de,Goethe
keine,A2,de,Goethe
nennen,A2,de,Goethe
nervös,A2,de,Goethe
nett,A2,de,Goethe
Vielen,A2,de,Goethe
neu,A2,de,Goethe
Zeig,A2,de,Goethe
nichts,A2,de,Goethe
nie,A2,de,Goethe
niemand,A2,de,Goethe
nirgends,A2,de,Goethe
noch,A2,de,Goethe
normal,A2,de,Goethe
notieren,A2,de,Goethe
notwendig,A2,de,Goethe
Welche,A2,de,Goethe
nur,A2,de,Goethe
nützlich,A2,de,Goethe
oben,A2,de,Goethe
oder,A2,de,Goethe
Entweder,A2,de,Goethe
planen,A2,de,Goethe
plötzlich,A2,de,Goethe
Pl,A2,de,Goethe
zahl,A2,de,Goethe
praktisch,A2,de,Goethe
preiswert,A2,de,Goethe
privat,A2,de,Goethe
pro,A2,de,Goethe
probieren,A2,de,Goethe
probiert,A2,de,Goethe
reiten,A2,de,Goethe
renovieren,A2,de,Goethe
renoviert,A2,de,Goethe
de,A2,de,Goethe
reparieren,A2,de,Goethe
repariert,A2,de,Goethe
reservieren,A2,de,Goethe
reserviert,A2,de,Goethe
reservierte,A2,de,Goethe
richtig,A2,de,Goethe
riechen,A2,de,Goethe
romantisch,A2,de,Goethe
rufen,A2,de,Goethe
ruhig,A2,de,Goethe
schlecht,A2,de,Goethe
schließen,A2,de,Goethe
schlimm,A2,de,Goethe
Neuschwanstein,A2,de,Goethe
schmecken,A2,de,Goethe
schmeckt,A2,de,Goethe
schmutzig,A2,de,Goethe
schneiden,A2,de,Goethe
schneidet,A2,de,Goethe
schneien,A2,de,Goethe
schneit,A2,de,Goethe
schnell,A2,de,Goethe
schon,A2,de,Goethe
schön,A2,de,Goethe
Legst,A2,de,Goethe
schrecklich,A2,de,Goethe
schreiben,A2,de,Goethe
schreibt,A2,de,Goethe
schriftlich,A2,de,Goethe
sicher,A2,de,Goethe
singen,A2,de,Goethe
sitzen,A2,de,Goethe
Fahren,A2,de,Goethe
sofort,A2,de,Goethe
sogar,A2,de,Goethe
sollen,A2,de,Goethe
sollte,A2,de,Goethe
im,A2,de,Goethe
sonnig,A2,de,Goethe
sonst,A2,de,Goethe
Beeil,A2,de,Goethe
spannend,A2,de,Goethe
sparen,A2,de,Goethe
Spaß,A2,de,Goethe
Viel,A2,de,Goethe
spät,A2,de,Goethe
später,A2,de,Goethe
spazieren,A2,de,Goethe
geht,A2,de,Goethe
gang,A2,de,Goethe
speichern,A2,de,Goethe
speichert,A2,de,Goethe
Speisekarte,A2,de,Goethe
Monopoly,A2,de,Goethe
streng,A2,de,Goethe
stressig,A2,de,Goethe
studieren,A2,de,Goethe
studiert,A2,de,Goethe
suchen,A2,de,Goethe
super,A2,de,Goethe
surfen,A2,de,Goethe
süß,A2,de,Goethe
sympathisch,A2,de,Goethe
tanzen,A2,de,Goethe
tauscht,A2,de,Goethe
teilen,A2,de,Goethe
trifft,A2,de,Goethe
trinken,A2,de,Goethe
trocken,A2,de,Goethe
tschüs,A2,de,Goethe
typisch,A2,de,Goethe
üben,A2,de,Goethe
über,A2,de,Goethe
überall,A2,de,Goethe
übermorgen,A2,de,Goethe
übernachten,A2,de,Goethe
übernachtet,A2,de,Goethe
übersetzen,A2,de,Goethe
übersetzt,A2,de,Goethe
setzung,A2,de,Goethe
überweisen,A2,de,Goethe
überweist,A2,de,Goethe
umsteigen,A2,de,Goethe
steigt,A2,de,Goethe
umziehen,A2,de,Goethe
zieht,A2,de,Goethe
zog,A2,de,Goethe
vergleichen,A2,de,Goethe
vergleicht,A2,de,Goethe
verkaufen,A2,de,Goethe
verkauft,A2,de,Goethe
verletzen,A2,de,Goethe
verletzt,A2,de,Goethe
verlieben,A2,de,Goethe
verliebt,A2,de,Goethe
verlieren,A2,de,Goethe
verliert,A2,de,Goethe
vermieten,A2,de,Goethe
vermietet,A2,de,Goethe
verpassen,A2,de,Goethe
verpasst,A2,de,Goethe
verreisen,A2,de,Goethe
verreist,A2,de,Goethe
verschieben,A2,de,Goethe
verschiebt,A2,de,Goethe
verschieden,A2,de,Goethe
verstehen,A2,de,Goethe
versteht,A2,de,Goethe
versuchen,A2,de,Goethe
versucht,A2,de,Goethe
vielleicht,A2,de,Goethe
voll,A2,de,Goethe
waschen,A2,de,Goethe
wäscht,A2,de,Goethe
wechseln,A2,de,Goethe
wechselt,A2,de,Goethe
wecken,A2,de,Goethe
weckt,A2,de,Goethe
wegbringen,A2,de,Goethe
Warum,A2,de,Goethe
wegen,A2,de,Goethe
wehtun,A2,de,Goethe
weiblich,A2,de,Goethe
weich,A2,de,Goethe
weil,A2,de,Goethe
weinen,A2,de,Goethe
weit,A2,de,Goethe
weiter,A2,de,Goethe
welcher,A2,de,Goethe
Welchen,A2,de,Goethe
Welches,A2,de,Goethe
wenig,A2,de,Goethe
wenigstens,A2,de,Goethe
wollen,A2,de,Goethe
wollte,A2,de,Goethe
wunderbar,A2,de,Goethe
wünschen,A2,de,Goethe
zeichnen,A2,de,Goethe
zeichnet,A2,de,Goethe
zeigen,A2,de,Goethe
DEUTSCHPRÜFUNG,B1,de,Goethe
JUGENDLICHE,B1,de,Goethe
Ein,B1,de,Goethe
IMPRESSUM,B1,de,Goethe
Diese,B1,de,Goethe
ÖSD,B1,de,Goethe
angeboten,B1,de,Goethe
Gesamtkoordination,B1,de,Goethe
Michaela,B1,de,Goethe
Autoren,B1,de,Goethe
Manuela,B1,de,Goethe
Eva,B1,de,Goethe
Projektmitarbeiterinnen,B1,de,Goethe
Team,B1,de,Goethe
Fachliche,B1,de,Goethe
Annerose,B1,de,Goethe
Kathrin,B1,de,Goethe
Annette,B1,de,Goethe
Andreas,B1,de,Goethe
ISBN,B1,de,Goethe
Jede,B1,de,Goethe
schriftlichen,B1,de,Goethe
Hinweis,B1,de,Goethe
spielt,B1,de,Goethe
Schulen,B1,de,Goethe
Eingetragene,B1,de,Goethe
auch,B1,de,Goethe
sein,B1,de,Goethe
Schutzrechte,B1,de,Goethe
Herausgeber,B1,de,Goethe
Bereich,B1,de,Goethe
Dachauer,B1,de,Goethe
handelt,B1,de,Goethe
Verlag,B1,de,Goethe
Schweiz,B1,de,Goethe
Stufe,B1,de,Goethe
nen,B1,de,Goethe
ständigen,B1,de,Goethe
licht,B1,de,Goethe
Weniger,B1,de,Goethe
Zum,B1,de,Goethe
Sprachkurses,B1,de,Goethe
sche,B1,de,Goethe
für,B1,de,Goethe
Ausdrücke,B1,de,Goethe
Bearbeiten,B1,de,Goethe
Verständnis,B1,de,Goethe
Auswahlkriterium,B1,de,Goethe
lichen,B1,de,Goethe
Einige,B1,de,Goethe
alphabetischen,B1,de,Goethe
Wörter,B1,de,Goethe
gruppen,B1,de,Goethe
Auf,B1,de,Goethe
verzichtet,B1,de,Goethe
beispielsweise,B1,de,Goethe
ßen,B1,de,Goethe
Anspruch,B1,de,Goethe
Nebeneinträge,B1,de,Goethe
anfangen,B1,de,Goethe
fing,B1,de,Goethe
hat,B1,de,Goethe
Wie,B1,de,Goethe
Ansatz,B1,de,Goethe
Deutschen,B1,de,Goethe
vante,B1,de,Goethe
berücksichtigt,B1,de,Goethe
Sind,B1,de,Goethe
oder,B1,de,Goethe
Varianten,B1,de,Goethe
parken,B1,de,Goethe
CH,B1,de,Goethe
parkieren,B1,de,Goethe
parkierte,B1,de,Goethe
Wir,B1,de,Goethe
übergeordneten,B1,de,Goethe
bzw,B1,de,Goethe
ca,B1,de,Goethe
etc,B1,de,Goethe
bloggen,B1,de,Goethe
campen,B1,de,Goethe
chatten,B1,de,Goethe
checken,B1,de,Goethe
cool,B1,de,Goethe
faxen,B1,de,Goethe
fit,B1,de,Goethe
surfen,B1,de,Goethe
ankreuzen,B1,de,Goethe
kreuzt,B1,de,Goethe
kreuzte,B1,de,Goethe
lösen,B1,de,Goethe
Deutschland,B1,de,Goethe
Österreich,B1,de,Goethe
Biologie,B1,de,Goethe
Chemie,B1,de,Goethe
Geografie,B1,de,Goethe
Geschichte,B1,de,Goethe
hell-,B1,de,Goethe
blau,B1,de,Goethe
braun,B1,de,Goethe
gelb,B1,de,Goethe
grau,B1,de,Goethe
grün,B1,de,Goethe
lila,B1,de,Goethe
Angaben,B1,de,Goethe
Sprache,B1,de,Goethe
deutsch,B1,de,Goethe
Europa,B1,de,Goethe
europäisch,B1,de,Goethe
konservativ,B1,de,Goethe
liberal,B1,de,Goethe
Parlament,B1,de,Goethe
bis,B1,de,Goethe
heute,B1,de,Goethe
Berlin,B1,de,Goethe
Neujahr,B1,de,Goethe
Ostern,B1,de,Goethe
Pfingsten,B1,de,Goethe
ab,B1,de,Goethe
abbiegen,B1,de,Goethe
bog,B1,de,Goethe
aber,B1,de,Goethe
abfahren,B1,de,Goethe
fuhr,B1,de,Goethe
Abgase,B1,de,Goethe
abgeben,B1,de,Goethe
abhängen,B1,de,Goethe
abhängig,B1,de,Goethe
abheben,B1,de,Goethe
abholen,B1,de,Goethe
ähnlich,B1,de,Goethe
Situation,B1,de,Goethe
Geburtstag,B1,de,Goethe
Familien,B1,de,Goethe
aktiv,B1,de,Goethe
Sport,B1,de,Goethe
Kinder,B1,de,Goethe
itäten,B1,de,Goethe
aktuell,B1,de,Goethe
akzeptieren,B1,de,Goethe
akzeptierte,B1,de,Goethe
nicht,B1,de,Goethe
reinigen,B1,de,Goethe
all-,B1,de,Goethe
ist,B1,de,Goethe
allein,B1,de,Goethe
schaffe,B1,de,Goethe
schon,B1,de,Goethe
aller-,B1,de,Goethe
Bett,B1,de,Goethe
wirst,B1,de,Goethe
gesehen,B1,de,Goethe
allerdings,B1,de,Goethe
allgemein,B1,de,Goethe
Probleme,B1,de,Goethe
hier,B1,de,Goethe
Arbeit,B1,de,Goethe
kochen,B1,de,Goethe
günstige,B1,de,Goethe
ander-,B1,de,Goethe
gegangen,B1,de,Goethe
Chinesisch,B1,de,Goethe
andererseits,B1,de,Goethe
Geld,B1,de,Goethe
ändern,B1,de,Goethe
geändert,B1,de,Goethe
anders,B1,de,Goethe
anerkennen,B1,de,Goethe
erkannte,B1,de,Goethe
Anfang,B1,de,Goethe
viele,B1,de,Goethe
dagegen,B1,de,Goethe
Straße,B1,de,Goethe
anfangs,B1,de,Goethe
angeben,B1,de,Goethe
Geburtsdatum,B1,de,Goethe
angenehm,B1,de,Goethe
Reise,B1,de,Goethe
anschaffen,B1,de,Goethe
schaffte,B1,de,Goethe
anschließen,B1,de,Goethe
schloss,B1,de,Goethe
anschnallen,B1,de,Goethe
schnallte,B1,de,Goethe
ansehen,B1,de,Goethe
ansprechen,B1,de,Goethe
sprach,B1,de,Goethe
anstellen,B1,de,Goethe
stellte,B1,de,Goethe
sich,B1,de,Goethe
anstrengend,B1,de,Goethe
anwenden,B1,de,Goethe
wandte,B1,de,Goethe
anwesend,B1,de,Goethe
antworten,B1,de,Goethe
antwortete,B1,de,Goethe
wortet,B1,de,Goethe
ärgerte,B1,de,Goethe
immer,B1,de,Goethe
habe,B1,de,Goethe
gestritten,B1,de,Goethe
ärgerlich,B1,de,Goethe
arm,B1,de,Goethe
Nachbarländern,B1,de,Goethe
gebrochen,B1,de,Goethe
Arten,B1,de,Goethe
Weise,B1,de,Goethe
gelesen,B1,de,Goethe
bitten,B1,de,Goethe
atmen,B1,de,Goethe
es,B1,de,Goethe
Warum,B1,de,Goethe
Abendzeitung,B1,de,Goethe
gemeldet,B1,de,Goethe
aufs,B1,de,Goethe
aufpassen,B1,de,Goethe
passte,B1,de,Goethe
aufräumen,B1,de,Goethe
räumte,B1,de,Goethe
aufregen,B1,de,Goethe
regte,B1,de,Goethe
aufstehen,B1,de,Goethe
stand,B1,de,Goethe
auftreten,B1,de,Goethe
trat,B1,de,Goethe
aufwachen,B1,de,Goethe
wachte,B1,de,Goethe
aufwärts,B1,de,Goethe
Lift,B1,de,Goethe
aus,B1,de,Goethe
ausländisch,B1,de,Goethe
ausmachen,B1,de,Goethe
machte,B1,de,Goethe
ausreichen,B1,de,Goethe
ichte,B1,de,Goethe
ausreichend,B1,de,Goethe
ausrichten,B1,de,Goethe
richtete,B1,de,Goethe
ruhte,B1,de,Goethe
ausschließen,B1,de,Goethe
ausschließlich,B1,de,Goethe
aussehen,B1,de,Goethe
sah,B1,de,Goethe
außen,B1,de,Goethe
außerhalb,B1,de,Goethe
äußerlich,B1,de,Goethe
außer,B1,de,Goethe
außerdem,B1,de,Goethe
backen,B1,de,Goethe
backte,B1,de,Goethe
baden,B1,de,Goethe
gebadet,B1,de,Goethe
S-Bahn,B1,de,Goethe
bald,B1,de,Goethe
Geldautomat,B1,de,Goethe
bedienen,B1,de,Goethe
bediente,B1,de,Goethe
beeilte,B1,de,Goethe
beenden,B1,de,Goethe
beendete,B1,de,Goethe
befreit,B1,de,Goethe
befriedigend,B1,de,Goethe
begegnen,B1,de,Goethe
begegnete,B1,de,Goethe
begeistert,B1,de,Goethe
beginnen,B1,de,Goethe
begann,B1,de,Goethe
begleiten,B1,de,Goethe
begleitete,B1,de,Goethe
begrenzt,B1,de,Goethe
begründen,B1,de,Goethe
begründete,B1,de,Goethe
begrüßen,B1,de,Goethe
begrüßte,B1,de,Goethe
behalten,B1,de,Goethe
behandeln,B1,de,Goethe
behandelte,B1,de,Goethe
beleidigen,B1,de,Goethe
beleidigte,B1,de,Goethe
beliebt,B1,de,Goethe
bemerken,B1,de,Goethe
bemerkte,B1,de,Goethe
bemühte,B1,de,Goethe
benötigen,B1,de,Goethe
benötigte,B1,de,Goethe
benutzen,B1,de,Goethe
benutzte,B1,de,Goethe
beobachten,B1,de,Goethe
beobachtete,B1,de,Goethe
bequem,B1,de,Goethe
beraten,B1,de,Goethe
berechnen,B1,de,Goethe
berechnete,B1,de,Goethe
bereit,B1,de,Goethe
bereits,B1,de,Goethe
besetzen,B1,de,Goethe
besetzte,B1,de,Goethe
besichtigen,B1,de,Goethe
besichtigte,B1,de,Goethe
besitzen,B1,de,Goethe
besonder-,B1,de,Goethe
besorgen,B1,de,Goethe
besorgte,B1,de,Goethe
besprechen,B1,de,Goethe
besprach,B1,de,Goethe
bestätigen,B1,de,Goethe
bestätigte,B1,de,Goethe
bestehen,B1,de,Goethe
bestand,B1,de,Goethe
bestellen,B1,de,Goethe
bestellte,B1,de,Goethe
bestimmt,B1,de,Goethe
bestrafen,B1,de,Goethe
bestrafte,B1,de,Goethe
besuchen,B1,de,Goethe
besuchte,B1,de,Goethe
bezahlen,B1,de,Goethe
bezahlte,B1,de,Goethe
bieten,B1,de,Goethe
Fahrkarte,B1,de,Goethe
billig,B1,de,Goethe
Bio-,B1,de,Goethe
bisher,B1,de,Goethe
besonders,B1,de,Goethe
Ich,B1,de,Goethe
An,B1,de,Goethe
mieten,B1,de,Goethe
bekommen,B1,de,Goethe
böse,B1,de,Goethe
Hoffentlich,B1,de,Goethe
sieht,B1,de,Goethe
braten,B1,de,Goethe
Nehmen,B1,de,Goethe
brauchen,B1,de,Goethe
brauchte,B1,de,Goethe
braucht,B1,de,Goethe
Woche,B1,de,Goethe
kommen,B1,de,Goethe
brechen,B1,de,Goethe
breit,B1,de,Goethe
einen,B1,de,Goethe
Welche,B1,de,Goethe
bremsen,B1,de,Goethe
bremste,B1,de,Goethe
Du,B1,de,Goethe
kontrollieren,B1,de,Goethe
brennen,B1,de,Goethe
gebrannt,B1,de,Goethe
buchstabieren,B1,de,Goethe
biert,B1,de,Goethe
bunt,B1,de,Goethe
damals,B1,de,Goethe
lernen,B1,de,Goethe
damit,B1,de,Goethe
danach,B1,de,Goethe
grillen,B1,de,Goethe
daneben,B1,de,Goethe
danken,B1,de,Goethe
dankbar,B1,de,Goethe
Hilfe,B1,de,Goethe
dann,B1,de,Goethe
komme,B1,de,Goethe
darstellen,B1,de,Goethe
dieser,B1,de,Goethe
dass,B1,de,Goethe
Party,B1,de,Goethe
vergessen,B1,de,Goethe
Ihnen,B1,de,Goethe
Computer,B1,de,Goethe
Detail,B1,de,Goethe
deutlich,B1,de,Goethe
dicht,B1,de,Goethe
zieht,B1,de,Goethe
dick,B1,de,Goethe
essen,B1,de,Goethe
Tasche,B1,de,Goethe
dienen,B1,de,Goethe
Beziehungen,B1,de,Goethe
Aufenthaltsraum,B1,de,Goethe
gedient,B1,de,Goethe
Frühdienst,B1,de,Goethe
dies-,B1,de,Goethe
diesmal,B1,de,Goethe
gewonnen,B1,de,Goethe
digital,B1,de,Goethe
geht,B1,de,Goethe
direkt,B1,de,Goethe
Haus,B1,de,Goethe
drehen,B1,de,Goethe
Kreis,B1,de,Goethe
um,B1,de,Goethe
dringend,B1,de,Goethe
drin,B1,de,Goethe
angenehmer,B1,de,Goethe
Drogerie,B1,de,Goethe
drüben,B1,de,Goethe
drucken,B1,de,Goethe
Prospekte,B1,de,Goethe
meinen,B1,de,Goethe
drücken,B1,de,Goethe
vorderen,B1,de,Goethe
dumm,B1,de,Goethe
mir,B1,de,Goethe
dunkel,B1,de,Goethe
gekauft,B1,de,Goethe
dünn,B1,de,Goethe
wenig,B1,de,Goethe
Mantel,B1,de,Goethe
durch,B1,de,Goethe
Wald,B1,de,Goethe
men,B1,de,Goethe
echt,B1,de,Goethe
Eck,B1,de,Goethe
Ecke,B1,de,Goethe
eckig,B1,de,Goethe
egal,B1,de,Goethe
Ehemann,B1,de,Goethe
eher,B1,de,Goethe
ehrlich,B1,de,Goethe
eigen-,B1,de,Goethe
eigentlich,B1,de,Goethe
eignete,B1,de,Goethe
beeinflussen,B1,de,Goethe
beeinflusste,B1,de,Goethe
einfügen,B1,de,Goethe
fügte,B1,de,Goethe
einführen,B1,de,Goethe
führte,B1,de,Goethe
einheitlich,B1,de,Goethe
einig-,B1,de,Goethe
einigte,B1,de,Goethe
einkaufen,B1,de,Goethe
kaufte,B1,de,Goethe
einladen,B1,de,Goethe
einmal,B1,de,Goethe
einnehmen,B1,de,Goethe
nahm,B1,de,Goethe
einzahlen,B1,de,Goethe
zahlte,B1,de,Goethe
einzeln,B1,de,Goethe
Einzel-,B1,de,Goethe
einzig-,B1,de,Goethe
einziehen,B1,de,Goethe
zog,B1,de,Goethe
elegant,B1,de,Goethe
elektrisch,B1,de,Goethe
Elektro-,B1,de,Goethe
elektronisch,B1,de,Goethe
empfangen,B1,de,Goethe
empfing,B1,de,Goethe
empfehlen,B1,de,Goethe
empfahl,B1,de,Goethe
entscheiden,B1,de,Goethe
entschied,B1,de,Goethe
entschließt,B1,de,Goethe
entschloss,B1,de,Goethe
entschlossen,B1,de,Goethe
entschuldigen,B1,de,Goethe
entschuldigt,B1,de,Goethe
entschuldigte,B1,de,Goethe
entsorgen,B1,de,Goethe
entsorgte,B1,de,Goethe
entspannend,B1,de,Goethe
entstehen,B1,de,Goethe
entstand,B1,de,Goethe
enttäuschen,B1,de,Goethe
enttäuschte,B1,de,Goethe
täuscht,B1,de,Goethe
entweder,B1,de,Goethe
entwickeln,B1,de,Goethe
entwickelte,B1,de,Goethe
erholt,B1,de,Goethe
erholte,B1,de,Goethe
erinnern,B1,de,Goethe
erinnerte,B1,de,Goethe
erkältete,B1,de,Goethe
erkältet,B1,de,Goethe
erkennen,B1,de,Goethe
erklären,B1,de,Goethe
erkundigt,B1,de,Goethe
erlauben,B1,de,Goethe
erlaubte,B1,de,Goethe
erleben,B1,de,Goethe
erst-,B1,de,Goethe
Urlaub,B1,de,Goethe
erstellen,B1,de,Goethe
erstellte,B1,de,Goethe
erwachsen,B1,de,Goethe
erwarten,B1,de,Goethe
erwartete,B1,de,Goethe
wieder,B1,de,Goethe
erzählen,B1,de,Goethe
erzählte,B1,de,Goethe
musst,B1,de,Goethe
erziehen,B1,de,Goethe
kaputt,B1,de,Goethe
Nein,B1,de,Goethe
Fragen,B1,de,Goethe
Sie,B1,de,Goethe
zu,B1,de,Goethe
Stock,B1,de,Goethe
etwa,B1,de,Goethe
Kilometer,B1,de,Goethe
Kühe,B1,de,Goethe
verletzt,B1,de,Goethe
Fahrer,B1,de,Goethe
Rad,B1,de,Goethe
fair,B1,de,Goethe
schutzfaktor,B1,de,Goethe
Hause,B1,de,Goethe
fallen,B1,de,Goethe
gefallen,B1,de,Goethe
null,B1,de,Goethe
fällig,B1,de,Goethe
falls,B1,de,Goethe
Picknick,B1,de,Goethe
falsch,B1,de,Goethe
Nummer,B1,de,Goethe
Personenstand,B1,de,Goethe
fangen,B1,de,Goethe
Fantasie,B1,de,Goethe
Ferien-,B1,de,Goethe
fernsehen,B1,de,Goethe
fertig,B1,de,Goethe
fest,B1,de,Goethe
festhalten,B1,de,Goethe
hielt,B1,de,Goethe
festlegen,B1,de,Goethe
legte,B1,de,Goethe
festnehmen,B1,de,Goethe
festsetzen,B1,de,Goethe
zte,B1,de,Goethe
feststehen,B1,de,Goethe
feststellen,B1,de,Goethe
fett,B1,de,Goethe
flexibel,B1,de,Goethe
fliegen,B1,de,Goethe
fliehen,B1,de,Goethe
fließen,B1,de,Goethe
geflossen,B1,de,Goethe
Korridor,B1,de,Goethe
folgen,B1,de,Goethe
fordern,B1,de,Goethe
fördern,B1,de,Goethe
freiwillig,B1,de,Goethe
fremd,B1,de,Goethe
fressen,B1,de,Goethe
freute,B1,de,Goethe
frieren,B1,de,Goethe
frisch,B1,de,Goethe
froh,B1,de,Goethe
Früchte,B1,de,Goethe
früh,B1,de,Goethe
furchtbar,B1,de,Goethe
fürchtete,B1,de,Goethe
Fußgängerzone,B1,de,Goethe
füttern,B1,de,Goethe
Gang,B1,de,Goethe
Suppe,B1,de,Goethe
ganz,B1,de,Goethe
gegessen,B1,de,Goethe
gar,B1,de,Goethe
garantieren,B1,de,Goethe
garantierte,B1,de,Goethe
Jahr,B1,de,Goethe
geehrt,B1,de,Goethe
geeignet,B1,de,Goethe
drei,B1,de,Goethe
Gefahr,B1,de,Goethe
gehen,B1,de,Goethe
lässt,B1,de,Goethe
ließ,B1,de,Goethe
lassen,B1,de,Goethe
verurteilt,B1,de,Goethe
gegen,B1,de,Goethe
Tierversuchen,B1,de,Goethe
sehr,B1,de,Goethe
Gegend,B1,de,Goethe
starkem,B1,de,Goethe
ziemlich,B1,de,Goethe
Gegenstände,B1,de,Goethe
liegen,B1,de,Goethe
Bruder,B1,de,Goethe
gelten,B1,de,Goethe
als,B1,de,Goethe
gemeinsam,B1,de,Goethe
helfe,B1,de,Goethe
machen,B1,de,Goethe
mit,B1,de,Goethe
Bauern,B1,de,Goethe
gemütlich,B1,de,Goethe
Wohnung,B1,de,Goethe
genau,B1,de,Goethe
genauso,B1,de,Goethe
Schwester,B1,de,Goethe
genehmigen,B1,de,Goethe
genehmigte,B1,de,Goethe
Generationen,B1,de,Goethe
genießen,B1,de,Goethe
genug,B1,de,Goethe
genügen,B1,de,Goethe
gelassen,B1,de,Goethe
gerade,B1,de,Goethe
geradeaus,B1,de,Goethe
Kreuzung,B1,de,Goethe
gebraucht,B1,de,Goethe
gerecht,B1,de,Goethe
gespannt,B1,de,Goethe
gewinnt,B1,de,Goethe
Gespräch,B1,de,Goethe
gestern,B1,de,Goethe
gesund,B1,de,Goethe
achten,B1,de,Goethe
vorkommt,B1,de,Goethe
öffnen,B1,de,Goethe
Interessen,B1,de,Goethe
hängt,B1,de,Goethe
Gewicht,B1,de,Goethe
gewinnen,B1,de,Goethe
gewann,B1,de,Goethe
macht,B1,de,Goethe
gewöhnen,B1,de,Goethe
gewöhnte,B1,de,Goethe
aufzustehen,B1,de,Goethe
jeden,B1,de,Goethe
gewohnt,B1,de,Goethe
gewöhnlich,B1,de,Goethe
gratulieren,B1,de,Goethe
gratulierte,B1,de,Goethe
gratis,B1,de,Goethe
greifen,B1,de,Goethe
grillieren,B1,de,Goethe
grillierte,B1,de,Goethe
groß,B1,de,Goethe
Groß-,B1,de,Goethe
gründen,B1,de,Goethe
gründete,B1,de,Goethe
unbedingt,B1,de,Goethe
hageln,B1,de,Goethe
Poulet,B1,de,Goethe
halb,B1,de,Goethe
halben,B1,de,Goethe
Halbpension,B1,de,Goethe
halbtags,B1,de,Goethe
Deshalb,B1,de,Goethe
bekommt,B1,de,Goethe
vorbei,B1,de,Goethe
nur,B1,de,Goethe
Hallenbad,B1,de,Goethe
hallo,B1,de,Goethe
halt,B1,de,Goethe
Schade,B1,de,Goethe
haltbar,B1,de,Goethe
halten,B1,de,Goethe
geschlossen,B1,de,Goethe
Hausordnung,B1,de,Goethe
bauen,B1,de,Goethe
mann,B1,de,Goethe
heben,B1,de,Goethe
heim,B1,de,Goethe
heimlich,B1,de,Goethe
heiraten,B1,de,Goethe
heiratete,B1,de,Goethe
heiß,B1,de,Goethe
heißen,B1,de,Goethe
heizen,B1,de,Goethe
herunter,B1,de,Goethe
Herz,B1,de,Goethe
herzlich,B1,de,Goethe
nachmittags,B1,de,Goethe
zurück,B1,de,Goethe
Internet,B1,de,Goethe
heutig-,B1,de,Goethe
mehr,B1,de,Goethe
Aussicht,B1,de,Goethe
nung,B1,de,Goethe
hinterlassen,B1,de,Goethe
hierher,B1,de,Goethe
gibt,B1,de,Goethe
hinunter,B1,de,Goethe
wirft,B1,de,Goethe
hinten,B1,de,Goethe
Garten,B1,de,Goethe
hinterließ,B1,de,Goethe
hinterher,B1,de,Goethe
gelernt,B1,de,Goethe
hinweisen,B1,de,Goethe
wies,B1,de,Goethe
gestattet,B1,de,Goethe
hübsch,B1,de,Goethe
hungrig,B1,de,Goethe
hupen,B1,de,Goethe
husten,B1,de,Goethe
ideal,B1,de,Goethe
illegal,B1,de,Goethe
Jause,B1,de,Goethe
Insel,B1,de,Goethe
insgesamt,B1,de,Goethe
installieren,B1,de,Goethe
installierte,B1,de,Goethe
kleinen,B1,de,Goethe
integrieren,B1,de,Goethe
tegrierte,B1,de,Goethe
besser,B1,de,Goethe
Integration,B1,de,Goethe
intelligent,B1,de,Goethe
gut,B1,de,Goethe
intensiv,B1,de,Goethe
interessieren,B1,de,Goethe
interessierte,B1,de,Goethe
Handarbeit,B1,de,Goethe
interessiert,B1,de,Goethe
interkulturell,B1,de,Goethe
interkulturelles,B1,de,Goethe
international,B1,de,Goethe
China,B1,de,Goethe
bekannt,B1,de,Goethe
jederzeit,B1,de,Goethe
jedes,B1,de,Goethe
jedoch,B1,de,Goethe
Erfolg,B1,de,Goethe
jemals,B1,de,Goethe
jemand,B1,de,Goethe
leihen,B1,de,Goethe
jetzt,B1,de,Goethe
ness-Studio,B1,de,Goethe
meinem,B1,de,Goethe
nie,B1,de,Goethe
jeweils,B1,de,Goethe
donnerstags,B1,de,Goethe
Jugendherberge,B1,de,Goethe
jung,B1,de,Goethe
Leute,B1,de,Goethe
Bub,B1,de,Goethe
kaputtmachen,B1,de,Goethe
nacht,B1,de,Goethe
Möhre,B1,de,Goethe
dapfel,B1,de,Goethe
Kasten,B1,de,Goethe
klagen,B1,de,Goethe
klappen,B1,de,Goethe
klar,B1,de,Goethe
klären,B1,de,Goethe
klasse,B1,de,Goethe
Schularbeit,B1,de,Goethe
kleben,B1,de,Goethe
klein,B1,de,Goethe
klettern,B1,de,Goethe
kletterte,B1,de,Goethe
klicken,B1,de,Goethe
komisch,B1,de,Goethe
mal,B1,de,Goethe
viel,B1,de,Goethe
suchen,B1,de,Goethe
Schrank,B1,de,Goethe
Abteilungen,B1,de,Goethe
komplett,B1,de,Goethe
eingerichtet,B1,de,Goethe
kompliziert,B1,de,Goethe
tern,B1,de,Goethe
können,B1,de,Goethe
fahren,B1,de,Goethe
regnet,B1,de,Goethe
kosten,B1,de,Goethe
kostenlos,B1,de,Goethe
probieren,B1,de,Goethe
krank,B1,de,Goethe
kreativ,B1,de,Goethe
Länder,B1,de,Goethe
kulturell,B1,de,Goethe
zwischen,B1,de,Goethe
Kunden,B1,de,Goethe
kündigen,B1,de,Goethe
kündigte,B1,de,Goethe
Kunst,B1,de,Goethe
Musikerin,B1,de,Goethe
künstlich,B1,de,Goethe
Deutschkurs,B1,de,Goethe
Computerraum,B1,de,Goethe
Kurven,B1,de,Goethe
einer,B1,de,Goethe
kurz,B1,de,Goethe
geklingelt,B1,de,Goethe
gekommen,B1,de,Goethe
gezogen,B1,de,Goethe
kürzlich,B1,de,Goethe
gesprochen,B1,de,Goethe
wegfahren,B1,de,Goethe
lang,B1,de,Goethe
Brief,B1,de,Goethe
kürzer,B1,de,Goethe
Länge,B1,de,Goethe
lange,B1,de,Goethe
Hamburg,B1,de,Goethe
warten,B1,de,Goethe
langsam,B1,de,Goethe
längst,B1,de,Goethe
langweilig,B1,de,Goethe
langweilte,B1,de,Goethe
schrecklichen,B1,de,Goethe
schneiden,B1,de,Goethe
Stunde,B1,de,Goethe
Laster,B1,de,Goethe
gedauert,B1,de,Goethe
leicht,B1,de,Goethe
leid,B1,de,Goethe
leiden,B1,de,Goethe
leider,B1,de,Goethe
leise,B1,de,Goethe
leisten,B1,de,Goethe
leiten,B1,de,Goethe
links,B1,de,Goethe
loben,B1,de,Goethe
locker,B1,de,Goethe
lohnte,B1,de,Goethe
losfahren,B1,de,Goethe
löschen,B1,de,Goethe
malen,B1,de,Goethe
man,B1,de,Goethe
manch-,B1,de,Goethe
manchmal,B1,de,Goethe
männlich,B1,de,Goethe
Aprikose,B1,de,Goethe
markieren,B1,de,Goethe
markierte,B1,de,Goethe
meinetwegen,B1,de,Goethe
Auto,B1,de,Goethe
hast,B1,de,Goethe
meist-,B1,de,Goethe
Meiste,B1,de,Goethe
Nachbarn,B1,de,Goethe
Ja,B1,de,Goethe
Meister,B1,de,Goethe
melden,B1,de,Goethe
Versicherung,B1,de,Goethe
große,B1,de,Goethe
menschlich,B1,de,Goethe
merken,B1,de,Goethe
vergesse,B1,de,Goethe
merkwürdig,B1,de,Goethe
Job,B1,de,Goethe
Personen,B1,de,Goethe
miteinander,B1,de,Goethe
Konzert,B1,de,Goethe
mitteilen,B1,de,Goethe
teilte,B1,de,Goethe
Grippe,B1,de,Goethe
mitten,B1,de,Goethe
Stadt,B1,de,Goethe
angekommen,B1,de,Goethe
mittler-,B1,de,Goethe
Plätze,B1,de,Goethe
mittlerweile,B1,de,Goethe
tlerweile,B1,de,Goethe
gewöhnt,B1,de,Goethe
möbliert,B1,de,Goethe
möchten,B1,de,Goethe
Meer,B1,de,Goethe
Mobilbox,B1,de,Goethe
Mobilität,B1,de,Goethe
mündlich,B1,de,Goethe
Museum,B1,de,Goethe
Klavier,B1,de,Goethe
Muskeln,B1,de,Goethe
müssen,B1,de,Goethe
arbeiten,B1,de,Goethe
wenn,B1,de,Goethe
fremden,B1,de,Goethe
mutig,B1,de,Goethe
Meinung,B1,de,Goethe
Kindern,B1,de,Goethe
nach,B1,de,Goethe
beeilen,B1,de,Goethe
Nahrungsmittel,B1,de,Goethe
nämlich,B1,de,Goethe
lich,B1,de,Goethe
nass,B1,de,Goethe
Wohnzimmer,B1,de,Goethe
stark,B1,de,Goethe
natürlich,B1,de,Goethe
neblig,B1,de,Goethe
neben,B1,de,Goethe
Post,B1,de,Goethe
nebenan,B1,de,Goethe
nebenbei,B1,de,Goethe
bei,B1,de,Goethe
Meine,B1,de,Goethe
alt,B1,de,Goethe
negativ,B1,de,Goethe
Kühlschrank,B1,de,Goethe
nichts,B1,de,Goethe
rant,B1,de,Goethe
niedrig,B1,de,Goethe
Temperaturen,B1,de,Goethe
niemand,B1,de,Goethe
nirgends,B1,de,Goethe
nirgendwo,B1,de,Goethe
finden,B1,de,Goethe
noch,B1,de,Goethe
bitte,B1,de,Goethe
arbeitet,B1,de,Goethe
fünf,B1,de,Goethe
dauert,B1,de,Goethe
kommt,B1,de,Goethe
nochmals,B1,de,Goethe
normal,B1,de,Goethe
normalerweise,B1,de,Goethe
Not-,B1,de,Goethe
Treppe,B1,de,Goethe
ob,B1,de,Goethe
kann,B1,de,Goethe
oben,B1,de,Goethe
ober-,B1,de,Goethe
vermietet,B1,de,Goethe
Kellner,B1,de,Goethe
Obst,B1,de,Goethe
obwohl,B1,de,Goethe
offen,B1,de,Goethe
offenem,B1,de,Goethe
öffentlich,B1,de,Goethe
öffentlichen,B1,de,Goethe
Öffentlichkeit,B1,de,Goethe
streiten,B1,de,Goethe
veröffentlichen,B1,de,Goethe
fentlicht,B1,de,Goethe
offenbar,B1,de,Goethe
offiziell,B1,de,Goethe
Einladung,B1,de,Goethe
ordentlich,B1,de,Goethe
Mensch,B1,de,Goethe
Praxis,B1,de,Goethe
Sprechstunde,B1,de,Goethe
ordnen,B1,de,Goethe
Ordnung,B1,de,Goethe
organisieren,B1,de,Goethe
organisierte,B1,de,Goethe
original,B1,de,Goethe
von,B1,de,Goethe
chen,B1,de,Goethe
paar,B1,de,Goethe
Schuhe,B1,de,Goethe
pauschal,B1,de,Goethe
peinlich,B1,de,Goethe
in,B1,de,Goethe
sioniert,B1,de,Goethe
pensioniert,B1,de,Goethe
Pensionistin,B1,de,Goethe
per,B1,de,Goethe
perfekt,B1,de,Goethe
Bahnsteig,B1,de,Goethe
Familienstand,B1,de,Goethe
Topf,B1,de,Goethe
populär,B1,de,Goethe
monee,B1,de,Goethe
positiv,B1,de,Goethe
lerin,B1,de,Goethe
Briefträger,B1,de,Goethe
praktisch,B1,de,Goethe
präsentieren,B1,de,Goethe
Prost,B1,de,Goethe
protestieren,B1,de,Goethe
protestierte,B1,de,Goethe
prüfen,B1,de,Goethe
geprüft,B1,de,Goethe
putzen,B1,de,Goethe
Nichtraucherin,B1,de,Goethe
reagieren,B1,de,Goethe
reagierte,B1,de,Goethe
realisieren,B1,de,Goethe
realisierte,B1,de,Goethe
Realität,B1,de,Goethe
realistisch,B1,de,Goethe
Recherchen,B1,de,Goethe
rechnen,B1,de,Goethe
rechnete,B1,de,Goethe
haben,B1,de,Goethe
zurückzubekommen,B1,de,Goethe
rechtlich,B1,de,Goethe
recht,B1,de,Goethe
rechts,B1,de,Goethe
recht-,B1,de,Goethe
rein,B1,de,Goethe
reisen,B1,de,Goethe
reiten,B1,de,Goethe
relativ,B1,de,Goethe
rennen,B1,de,Goethe
reparieren,B1,de,Goethe
reparierte,B1,de,Goethe
roh,B1,de,Goethe
rück-,B1,de,Goethe
rückwärts,B1,de,Goethe
Karotte,B1,de,Goethe
rufen,B1,de,Goethe
rund,B1,de,Goethe
satt,B1,de,Goethe
danke,B1,de,Goethe
sauber,B1,de,Goethe
sauer,B1,de,Goethe
wirklich,B1,de,Goethe
Zigaretten,B1,de,Goethe
Schachtel,B1,de,Goethe
kannst,B1,de,Goethe
schaden,B1,de,Goethe
schadete,B1,de,Goethe
schädlich,B1,de,Goethe
Gesundheit,B1,de,Goethe
schaffen,B1,de,Goethe
schalten,B1,de,Goethe
schaltete,B1,de,Goethe
Nachrichten,B1,de,Goethe
Tür,B1,de,Goethe
Schalter,B1,de,Goethe
scharf,B1,de,Goethe
Schatten,B1,de,Goethe
schätzen,B1,de,Goethe
schätzte,B1,de,Goethe
Schild,B1,de,Goethe
Pullover,B1,de,Goethe
schimpfen,B1,de,Goethe
schimpfte,B1,de,Goethe
schlafen,B1,de,Goethe
Mittagessen,B1,de,Goethe
schlagen,B1,de,Goethe
schlank,B1,de,Goethe
schlecht,B1,de,Goethe
Fenster,B1,de,Goethe
Sonst,B1,de,Goethe
dich,B1,de,Goethe
schließen,B1,de,Goethe
Schreibtisch,B1,de,Goethe
schnell,B1,de,Goethe
möglich,B1,de,Goethe
Salat,B1,de,Goethe
Medikament,B1,de,Goethe
Schokolade,B1,de,Goethe
lesen,B1,de,Goethe
schön,B1,de,Goethe
Aufenthalt,B1,de,Goethe
bleiben,B1,de,Goethe
Unfall,B1,de,Goethe
schreiben,B1,de,Goethe
schrieb,B1,de,Goethe
aufschreiben,B1,de,Goethe
aufgeschrieben,B1,de,Goethe
Umwelt,B1,de,Goethe
schwach,B1,de,Goethe
mich,B1,de,Goethe
helfen,B1,de,Goethe
Pilz,B1,de,Goethe
schwanger,B1,de,Goethe
schaft,B1,de,Goethe
schweigen,B1,de,Goethe
schwieg,B1,de,Goethe
schwer,B1,de,Goethe
Schmerztablette,B1,de,Goethe
Schwieger-,B1,de,Goethe
Schwiegereltern,B1,de,Goethe
Schwiegertochter,B1,de,Goethe
schwierig,B1,de,Goethe
Parkplatz,B1,de,Goethe
schwimmen,B1,de,Goethe
schwamm,B1,de,Goethe
schwitzen,B1,de,Goethe
schwitzte,B1,de,Goethe
sehen,B1,de,Goethe
Brille,B1,de,Goethe
selten,B1,de,Goethe
seltsam,B1,de,Goethe
Brötchen,B1,de,Goethe
senden,B1,de,Goethe
senkrecht,B1,de,Goethe
Ober,B1,de,Goethe
Stuhl,B1,de,Goethe
sicher,B1,de,Goethe
sichern,B1,de,Goethe
sodass,B1,de,Goethe
Verspätung,B1,de,Goethe
sofort,B1,de,Goethe
sogenannt-,B1,de,Goethe
genannte,B1,de,Goethe
sogar,B1,de,Goethe
solange,B1,de,Goethe
solch-,B1,de,Goethe
sollen,B1,de,Goethe
gesollt,B1,de,Goethe
Modalverb,B1,de,Goethe
einverstanden,B1,de,Goethe
Sonder-,B1,de,Goethe
duziert,B1,de,Goethe
sondern,B1,de,Goethe
scheint,B1,de,Goethe
gelegen,B1,de,Goethe
sonnig,B1,de,Goethe
sorgen,B1,de,Goethe
Heizung,B1,de,Goethe
keine,B1,de,Goethe
Spezial-,B1,de,Goethe
speziell,B1,de,Goethe
spielen,B1,de,Goethe
spitz,B1,de,Goethe
sprechen,B1,de,Goethe
statistisch,B1,de,Goethe
statt,B1,de,Goethe
stattfinden,B1,de,Goethe
fand,B1,de,Goethe
staubsaugen,B1,de,Goethe
staubsaugte,B1,de,Goethe
stechen,B1,de,Goethe
stecken,B1,de,Goethe
stehen,B1,de,Goethe
stehlen,B1,de,Goethe
steigen,B1,de,Goethe
stimmen,B1,de,Goethe
stinken,B1,de,Goethe
stolz,B1,de,Goethe
stoppen,B1,de,Goethe
stören,B1,de,Goethe
strafbar,B1,de,Goethe
Schule,B1,de,Goethe
angesagt,B1,de,Goethe
stürzen,B1,de,Goethe
Suchtmittel,B1,de,Goethe
super,B1,de,Goethe
permarkt,B1,de,Goethe
süß,B1,de,Goethe
Symbole,B1,de,Goethe
sympathisch,B1,de,Goethe
Held,B1,de,Goethe
tatsächlich,B1,de,Goethe
taub,B1,de,Goethe
tauchen,B1,de,Goethe
tauschen,B1,de,Goethe
tauschte,B1,de,Goethe
Tee,B1,de,Goethe
teilen,B1,de,Goethe
teilnehmen,B1,de,Goethe
telefonieren,B1,de,Goethe
telefonierte,B1,de,Goethe
tippen,B1,de,Goethe
getippt,B1,de,Goethe
tödlich,B1,de,Goethe
tolerant,B1,de,Goethe
toll,B1,de,Goethe
radeiser,B1,de,Goethe
Pfanne,B1,de,Goethe
tot,B1,de,Goethe
total,B1,de,Goethe
Stiege,B1,de,Goethe
treten,B1,de,Goethe
treu,B1,de,Goethe
trinken,B1,de,Goethe
trocken,B1,de,Goethe
trocknen,B1,de,Goethe
trocknete,B1,de,Goethe
Gehsteig,B1,de,Goethe
trotz,B1,de,Goethe
trotzdem,B1,de,Goethe
tun,B1,de,Goethe
übermorgen,B1,de,Goethe
übernachten,B1,de,Goethe
übernachtete,B1,de,Goethe
übernehmen,B1,de,Goethe
übernahm,B1,de,Goethe
überprüfen,B1,de,Goethe
überprüfte,B1,de,Goethe
überqueren,B1,de,Goethe
überquerte,B1,de,Goethe
überraschen,B1,de,Goethe
überraschte,B1,de,Goethe
überreden,B1,de,Goethe
überredete,B1,de,Goethe
übersetzen,B1,de,Goethe
übersetzte,B1,de,Goethe
über-,B1,de,Goethe
übertreiben,B1,de,Goethe
übertrieb,B1,de,Goethe
überweisen,B1,de,Goethe
überwies,B1,de,Goethe
umsteigen,B1,de,Goethe
stieg,B1,de,Goethe
umtauschen,B1,de,Goethe
schmutzung,B1,de,Goethe
umziehen,B1,de,Goethe
umgezogen,B1,de,Goethe
un-,B1,de,Goethe
und,B1,de,Goethe
ungefähr,B1,de,Goethe
ungewöhnlich,B1,de,Goethe
unglaublich,B1,de,Goethe
unheimlich,B1,de,Goethe
unterschiedlich,B1,de,Goethe
unterschreiben,B1,de,Goethe
schreibt,B1,de,Goethe
unterstreichen,B1,de,Goethe
icht,B1,de,Goethe
unterstützen,B1,de,Goethe
unterstützte,B1,de,Goethe
untersuchen,B1,de,Goethe
untersuchte,B1,de,Goethe
unterwegs,B1,de,Goethe
Ferien,B1,de,Goethe
verursachen,B1,de,Goethe
verursachte,B1,de,Goethe
ursprünglich,B1,de,Goethe
verbrauchen,B1,de,Goethe
verbrauchte,B1,de,Goethe
verbrennt,B1,de,Goethe
verbringen,B1,de,Goethe
verbrachte,B1,de,Goethe
verdienen,B1,de,Goethe
verdiente,B1,de,Goethe
vereinbaren,B1,de,Goethe
vereinbarte,B1,de,Goethe
vergeblich,B1,de,Goethe
vergaß,B1,de,Goethe
vergleichen,B1,de,Goethe
verglich,B1,de,Goethe
vergnügte,B1,de,Goethe
verläuft,B1,de,Goethe
verletzte,B1,de,Goethe
verlieren,B1,de,Goethe
vermeiden,B1,de,Goethe
vermied,B1,de,Goethe
vermieten,B1,de,Goethe
mietete,B1,de,Goethe
vermissen,B1,de,Goethe
vermisste,B1,de,Goethe
vermuten,B1,de,Goethe
vermutete,B1,de,Goethe
vermutlich,B1,de,Goethe
vernünftig,B1,de,Goethe
verpacken,B1,de,Goethe
verpackte,B1,de,Goethe
verpassen,B1,de,Goethe
verpasste,B1,de,Goethe
versteckt,B1,de,Goethe
verstand,B1,de,Goethe
versuchen,B1,de,Goethe
versuchte,B1,de,Goethe
verteilen,B1,de,Goethe
verteilte,B1,de,Goethe
vertrauen,B1,de,Goethe
vertraute,B1,de,Goethe
vertreten,B1,de,Goethe
verurteilen,B1,de,Goethe
verurteilte,B1,de,Goethe
verwandt,B1,de,Goethe
verwechseln,B1,de,Goethe
verwechselte,B1,de,Goethe
voneinander,B1,de,Goethe
gehört,B1,de,Goethe
vor,B1,de,Goethe
Meier,B1,de,Goethe
voraus,B1,de,Goethe
Mühe,B1,de,Goethe
zung,B1,de,Goethe
Voraussetzung,B1,de,Goethe
Firma,B1,de,Goethe
voraussichtlich,B1,de,Goethe
Minuten,B1,de,Goethe
bereitet,B1,de,Goethe
bereiten,B1,de,Goethe
Vorbereitung,B1,de,Goethe
vorder-,B1,de,Goethe
vorgestern,B1,de,Goethe
vorhaben,B1,de,Goethe
hatte,B1,de,Goethe
vorher,B1,de,Goethe
vorhin,B1,de,Goethe
sollst,B1,de,Goethe
vorkommen,B1,de,Goethe
kam,B1,de,Goethe
waagerecht,B1,de,Goethe
Strich,B1,de,Goethe
wach,B1,de,Goethe
wachsen,B1,de,Goethe
Zugrestaurant,B1,de,Goethe
wählen,B1,de,Goethe
wahnsinnig,B1,de,Goethe
wahr,B1,de,Goethe
während,B1,de,Goethe
Musik,B1,de,Goethe
unsere,B1,de,Goethe
Wahrscheinlich,B1,de,Goethe
Wand,B1,de,Goethe
hört,B1,de,Goethe
wandern,B1,de,Goethe
wanderte,B1,de,Goethe
Wanderung,B1,de,Goethe
weder,B1,de,Goethe
wegen,B1,de,Goethe
wehtun,B1,de,Goethe
weiblich,B1,de,Goethe
weich,B1,de,Goethe
Ei,B1,de,Goethe
weigerte,B1,de,Goethe
weil,B1,de,Goethe
bin,B1,de,Goethe
guten,B1,de,Goethe
weinen,B1,de,Goethe
einfach,B1,de,Goethe
weit,B1,de,Goethe
ruhig,B1,de,Goethe
welcher,B1,de,Goethe
werb,B1,de,Goethe
gemalt,B1,de,Goethe
wetten,B1,de,Goethe
Wetter,B1,de,Goethe
wichtig,B1,de,Goethe
Termin,B1,de,Goethe
widersprechen,B1,de,Goethe
widerspricht,B1,de,Goethe
widersprach,B1,de,Goethe
spät,B1,de,Goethe
wiederholen,B1,de,Goethe
wiederholte,B1,de,Goethe
wiegen,B1,de,Goethe
wild,B1,de,Goethe
Bäumen,B1,de,Goethe
wieso,B1,de,Goethe
wohl,B1,de,Goethe
geplant,B1,de,Goethe
wohnen,B1,de,Goethe
möglichst,B1,de,Goethe
fern,B1,de,Goethe
bewölkt,B1,de,Goethe
wollen,B1,de,Goethe
worüber,B1,de,Goethe
worum,B1,de,Goethe
gesagt,B1,de,Goethe
nachschlagen,B1,de,Goethe
verbinden,B1,de,Goethe
war,B1,de,Goethe
Schlimmes,B1,de,Goethe
Wunder,B1,de,Goethe
passt,B1,de,Goethe
bares,B1,de,Goethe
zeichnen,B1,de,Goethe
zeichnete,B1,de,Goethe
zeigen,B1,de,Goethe
zurzeit,B1,de,Goethe
zelten,B1,de,Goethe
zentral,B1,de,Goethe
zerstören,B1,de,Goethe
zerstörte,B1,de,Goethe
zuerst,B1,de,Goethe
ihr,B1,de,Goethe
getroffen,B1,de,Goethe
zufrieden,B1,de,Goethe
Balkon,B1,de,Goethe
zugänglich,B1,de,Goethe
zugehen,B1,de,Goethe
Zuhause,B1,de,Goethe
zuhören,B1,de,Goethe
hörte,B1,de,Goethe
Denk,B1,de,Goethe
zukünftig,B1,de,Goethe
zuletzt,B1,de,Goethe
zumachen,B1,de,Goethe
zumindest,B1,de,Goethe
zunächst,B1,de,Goethe
zuständig,B1,de,Goethe
zustimmen,B1,de,Goethe
stimmte,B1,de,Goethe
zuverlässig,B1,de,Goethe
zwar,B1,de,Goethe
Ihre,B1,de,Goethe
